Name,Date,Open,Close,Change
HD,8/25/2012,,,closed
HD,8/29/2012,56.69,56.84,0.26%
HD,8/28/2012,56.24,56.53,0.52%
HD,8/31/2012,56.81,56.75,-0.11%
HD,8/25/2012,,,closed
HD,8/31/2012,56.81,56.75,-0.11%
HD,9/1/2012,,,closed
HD,9/5/2012,56.97,56.54,-0.75%
HD,9/6/2012,56.5,57.65,2.04%
HD,9/7/2012,57.76,57.26,-0.87%
HD,9/8/2012,,,closed
HD,9/8/2012,,,closed
HD,9/9/2012,,,closed
HD,9/10/2012,57.48,57.3,-0.31%
HD,9/11/2012,57.23,56.72,-0.89%
HD,9/12/2012,56.85,57.05,0.35%
HD,9/14/2012,58.72,59.46,1.26%
HD,9/15/2012,,,closed
HD,9/18/2012,58.97,58.86,-0.19%
HD,9/17/2012,59.2,58.91,-0.49%
HD,9/18/2012,58.97,58.86,-0.19%
HD,9/19/2012,59.18,59.47,0.49%
HD,9/20/2012,59.19,59.28,0.15%
HD,9/21/2012,59.58,59.42,-0.27%
HD,9/22/2012,,,closed
HD,9/25/2012,59.83,59.72,-0.18%
HD,9/26/2012,59.58,59.17,-0.69%
HD,9/27/2012,59.42,59.88,0.77%
HD,9/28/2012,59.68,60.37,1.16%
HD,9/30/2012,,,closed
HD,10/2/2012,60.87,60.33,-0.89%
HD,10/2/2012,60.87,60.33,-0.89%
HD,10/1/2012,60.77,60.57,-0.33%
HD,10/1/2012,60.77,60.57,-0.33%
HD,10/2/2012,60.87,60.33,-0.89%
HD,10/4/2012,61.84,61.74,-0.16%
HD,10/4/2012,61.84,61.74,-0.16%
HD,10/5/2012,61.97,63.2,1.98%
HD,10/8/2012,62.98,61.88,-1.75%
HD,10/9/2012,61.59,60.95,-1.04%
HD,10/10/2012,60.51,59.74,-1.27%
HD,10/11/2012,59.95,59.01,-1.57%
HD,10/11/2012,59.95,59.01,-1.57%
HD,10/12/2012,59.25,59.56,0.52%
HD,10/12/2012,59.25,59.56,0.52%
HD,10/14/2012,,,closed
HD,10/13/2012,,,closed
HD,10/14/2012,,,closed
HD,10/15/2012,59.88,60.65,1.29%
HD,10/17/2012,61.29,61.39,0.16%
HD,10/17/2012,61.29,61.39,0.16%
HD,10/19/2012,61.76,61.89,0.21%
HD,10/18/2012,61.39,61.8,0.67%
HD,10/19/2012,61.76,61.89,0.21%
HD,10/18/2012,61.39,61.8,0.67%
HD,10/19/2012,61.76,61.89,0.21%
HD,10/21/2012,,,closed
HD,10/22/2012,61.75,62.04,0.47%
HD,10/24/2012,61.95,61.28,-1.08%
HD,10/25/2012,61.7,60.48,-1.98%
HD,10/26/2012,60.38,60.04,-0.56%
HD,10/29/2012,,,closed
HD,10/29/2012,,,closed
HD,10/30/2012,,,closed
HD,11/8/2012,61.8,60.86,-1.52%
HD,11/8/2012,61.8,60.86,-1.52%
HD,11/9/2012,60.66,60.96,0.49%
HD,11/9/2012,60.66,60.96,0.49%
HD,11/9/2012,60.66,60.96,0.49%
HD,11/9/2012,60.66,60.96,0.49%
HD,11/8/2012,61.8,60.86,-1.52%
HD,11/9/2012,60.66,60.96,0.49%
HD,11/9/2012,60.66,60.96,0.49%
HD,11/9/2012,60.66,60.96,0.49%
HD,11/9/2012,60.66,60.96,0.49%
HD,11/10/2012,,,closed
HD,11/12/2012,61.24,61.16,-0.13%
HD,11/12/2012,61.24,61.16,-0.13%
HD,11/13/2012,62.35,63.38,1.65%
HD,11/13/2012,62.35,63.38,1.65%
HD,11/13/2012,62.35,63.38,1.65%
HD,11/16/2012,61.0301,62.12,1.79%
HD,11/15/2012,61.27,61.25,-0.03%
HD,11/15/2012,61.27,61.25,-0.03%
HD,11/16/2012,61.0301,62.12,1.79%
HD,11/13/2012,62.35,63.38,1.65%
HD,11/13/2012,62.35,63.38,1.65%
HD,11/16/2012,61.0301,62.12,1.79%
HD,11/13/2012,62.35,63.38,1.65%
HD,11/15/2012,61.27,61.25,-0.03%
HD,11/16/2012,61.0301,62.12,1.79%
HD,11/17/2012,,,closed
HD,11/17/2012,,,closed
HD,11/19/2012,62.49,63.33,1.34%
HD,11/20/2012,63.22,63.82,0.95%
HD,11/20/2012,63.22,63.82,0.95%
HD,11/21/2012,63.66,64.09,0.68%
HD,11/21/2012,63.66,64.09,0.68%
HD,11/23/2012,64.28,64.82,0.84%
HD,11/27/2012,64.01,64.16,0.23%
HD,11/27/2012,64.01,64.16,0.23%
HD,11/28/2012,63.87,64.83,1.50%
HD,11/27/2012,64.01,64.16,0.23%
HD,11/28/2012,63.87,64.83,1.50%
HD,11/28/2012,63.87,64.83,1.50%
HD,11/28/2012,63.87,64.83,1.50%
HD,11/28/2012,63.87,64.83,1.50%
HD,11/28/2012,63.87,64.83,1.50%
HD,11/28/2012,63.87,64.83,1.50%
HD,11/29/2012,64.56,64.24,-0.50%
HD,11/30/2012,64.4,65.07,1.04%
HD,12/1/2012,,,closed
HD,12/3/2012,65,64.98,-0.03%
HD,12/4/2012,64.93,64.24,-1.06%
HD,12/4/2012,64.93,64.24,-1.06%
HD,12/4/2012,64.93,64.24,-1.06%
HD,12/5/2012,64.17,64.02,-0.23%
HD,12/6/2012,64.06,64.34,0.44%
HD,12/6/2012,64.06,64.34,0.44%
HD,12/7/2012,64.6,64.45,-0.23%
HD,12/8/2012,,,closed
HD,12/11/2012,63.27,62.89,-0.60%
HD,12/12/2012,63.19,62.93,-0.41%
HD,12/13/2012,63.04,62.41,-1.00%
HD,12/14/2012,62.33,62.06,-0.43%
HD,12/15/2012,,,closed
HD,12/17/2012,62.15,63.31,1.87%
HD,12/17/2012,62.15,63.31,1.87%
HD,12/17/2012,62.15,63.31,1.87%
HD,12/19/2012,63.13,61.77,-2.15%
HD,12/18/2012,63.39,63,-0.62%
HD,12/20/2012,61.45,61.97,0.85%
HD,12/23/2012,,,closed
HD,12/27/2012,61.03,61.07,0.07%
HD,12/27/2012,61.03,61.07,0.07%
HD,12/28/2012,60.61,60.65,0.07%
HD,1/1/2013,,,closed
HD,1/2/2013,63.57,63.48,-0.14%
HD,1/3/2013,63.78,63.3,-0.75%
HD,1/4/2013,63.21,63.18,-0.05%
HD,1/8/2013,62.75,63.22,0.75%
HD,1/9/2013,63.51,63.17,-0.54%
HD,1/10/2013,63.38,63.62,0.38%
HD,1/11/2013,63.47,63.7,0.36%
HD,1/11/2013,63.47,63.7,0.36%
HD,1/11/2013,63.47,63.7,0.36%
HD,1/15/2013,63.5,63.95,0.71%
HD,1/16/2013,63.64,63.86,0.35%
HD,1/18/2013,65.15,65.47,0.49%
HD,1/21/2013,,,closed
HD,1/22/2013,65.39,65.75,0.55%
HD,1/24/2013,66.56,67.35,1.19%
HD,1/25/2013,67.61,67.82,0.31%
HD,1/30/2013,67.22,67.24,0.03%
HD,2/1/2013,67.62,67.3,-0.47%
HD,2/4/2013,66.86,66.36,-0.75%
HD,2/6/2013,66.04,66.67,0.95%
HD,2/6/2013,66.04,66.67,0.95%
HD,2/6/2013,66.04,66.67,0.95%
HD,2/6/2013,66.04,66.67,0.95%
HD,2/7/2013,66.65,66.31,-0.51%
HD,2/6/2013,66.04,66.67,0.95%
HD,2/7/2013,66.65,66.31,-0.51%
HD,2/6/2013,66.04,66.67,0.95%
HD,2/7/2013,66.65,66.31,-0.51%
HD,2/6/2013,66.04,66.67,0.95%
HD,2/6/2013,66.04,66.67,0.95%
HD,2/6/2013,66.04,66.67,0.95%
HD,2/6/2013,66.04,66.67,0.95%
HD,2/6/2013,66.04,66.67,0.95%
HD,2/6/2013,66.04,66.67,0.95%
HD,2/7/2013,66.65,66.31,-0.51%
HD,2/6/2013,66.04,66.67,0.95%
HD,2/7/2013,66.65,66.31,-0.51%
HD,2/6/2013,66.04,66.67,0.95%
HD,2/6/2013,66.04,66.67,0.95%
HD,2/7/2013,66.65,66.31,-0.51%
HD,2/7/2013,66.65,66.31,-0.51%
HD,2/7/2013,66.65,66.31,-0.51%
HD,2/8/2013,66.55,67.01,0.69%
HD,2/9/2013,,,closed
HD,2/10/2013,,,closed
HD,2/12/2013,66.7,67.32,0.93%
HD,2/12/2013,66.7,67.32,0.93%
HD,2/12/2013,66.7,67.32,0.93%
HD,2/12/2013,66.7,67.32,0.93%
HD,2/14/2013,67.13,67.34,0.31%
HD,2/12/2013,66.7,67.32,0.93%
HD,2/14/2013,67.13,67.34,0.31%
HD,2/13/2013,67.52,67.45,-0.10%
HD,2/14/2013,67.13,67.34,0.31%
HD,2/15/2013,67.52,67.52,0.00%
HD,2/16/2013,,,closed
HD,2/18/2013,,,closed
HD,2/19/2013,67.63,67.55,-0.12%
HD,2/19/2013,67.63,67.55,-0.12%
HD,2/19/2013,67.63,67.55,-0.12%
HD,2/20/2013,67.44,66.44,-1.48%
HD,2/21/2013,65.8599,64.38,-2.25%
HD,2/22/2013,64.8,65.58,1.20%
HD,2/23/2013,,,closed
HD,2/25/2013,65.96,63.92,-3.09%
HD,2/26/2013,65.56,67.56,3.05%
HD,2/25/2013,65.96,63.92,-3.09%
HD,2/27/2013,67.58,68.06,0.71%
HD,2/28/2013,67.91,68.5,0.87%
HD,3/1/2013,68.38,69.03,0.95%
HD,3/2/2013,,,closed
HD,3/4/2013,68.95,70.29,1.94%
HD,3/5/2013,70.58,70.47,-0.16%
HD,3/6/2013,70.47,70.48,0.01%
HD,3/6/2013,70.47,70.48,0.01%
HD,3/7/2013,70.4,70.25,-0.21%
HD,3/8/2013,70.59,71.37,1.10%
HD,3/9/2013,,,closed
HD,3/8/2013,70.59,71.37,1.10%
HD,3/9/2013,,,closed
HD,3/10/2013,,,closed
HD,3/12/2013,70.9,70.75,-0.21%
HD,3/13/2013,70.79,70.76,-0.04%
HD,3/13/2013,70.79,70.76,-0.04%
HD,3/15/2013,70.03,69.05,-1.40%
HD,3/18/2013,68.45,69.35,1.31%
HD,3/19/2013,69.55,68.79,-1.09%
HD,3/20/2013,69.39,68.88,-0.73%
HD,3/21/2013,68.65,68.95,0.44%
HD,3/23/2013,,,closed
HD,3/23/2013,,,closed
HD,3/25/2013,69.8,69.47,-0.47%
HD,3/27/2013,69.21,69.65,0.64%
HD,3/30/2013,,,closed
HD,4/2/2013,69.9,71.02,1.60%
HD,4/4/2013,70.36,70.69,0.47%
HD,4/3/2013,70.85,70.36,-0.69%
HD,4/4/2013,70.36,70.69,0.47%
HD,4/5/2013,70,70.06,0.09%
HD,4/5/2013,70,70.06,0.09%
HD,4/6/2013,,,closed
HD,4/5/2013,70,70.06,0.09%
HD,4/6/2013,,,closed
HD,4/5/2013,70,70.06,0.09%
HD,4/5/2013,70,70.06,0.09%
HD,4/5/2013,70,70.06,0.09%
HD,4/6/2013,,,closed
HD,4/8/2013,69.78,71.22,2.06%
HD,4/8/2013,69.78,71.22,2.06%
HD,4/9/2013,71.23,71.2,-0.04%
HD,4/10/2013,71.4,71.69,0.41%
HD,4/10/2013,71.4,71.69,0.41%
HD,4/11/2013,71.83,71.9,0.10%
HD,4/12/2013,72.41,73.62,1.67%
HD,4/12/2013,72.41,73.62,1.67%
HD,4/13/2013,,,closed
HD,4/15/2013,73.35,72.23,-1.53%
HD,4/17/2013,72.22,72.8,0.80%
HD,4/16/2013,72.55,72.46,-0.12%
HD,4/17/2013,72.22,72.8,0.80%
HD,4/18/2013,72.67,72.48,-0.26%
HD,4/18/2013,72.67,72.48,-0.26%
HD,4/18/2013,72.67,72.48,-0.26%
HD,4/19/2013,72.92,74,1.48%
HD,4/23/2013,74.14,73.38,-1.03%
HD,4/24/2013,73.55,73.28,-0.37%
HD,4/25/2013,73.31,73.37,0.08%
HD,4/27/2013,,,closed
HD,4/29/2013,73.44,73.67,0.31%
HD,4/30/2013,73.5,73.35,-0.20%
HD,8/29/2012,56.69,56.84,0.26%
HD,9/2/2012,,,closed
HD,9/6/2012,56.5,57.65,2.04%
HD,9/8/2012,,,closed
HD,9/11/2012,57.23,56.72,-0.89%
HD,9/13/2012,57.07,58.3,2.16%
HD,9/13/2012,57.07,58.3,2.16%
HD,9/14/2012,58.72,59.46,1.26%
HD,9/17/2012,59.2,58.91,-0.49%
HD,9/18/2012,58.97,58.86,-0.19%
HD,9/19/2012,59.18,59.47,0.49%
HD,9/19/2012,59.18,59.47,0.49%
HD,9/21/2012,59.58,59.42,-0.27%
HD,9/24/2012,59.35,59.39,0.07%
HD,9/26/2012,59.58,59.17,-0.69%
HD,9/27/2012,59.42,59.88,0.77%
HD,9/28/2012,59.68,60.37,1.16%
HD,9/29/2012,,,closed
HD,9/30/2012,,,closed
HD,10/1/2012,60.77,60.57,-0.33%
HD,10/2/2012,60.87,60.33,-0.89%
HD,10/3/2012,60.45,61.77,2.18%
HD,10/4/2012,61.84,61.74,-0.16%
HD,10/5/2012,61.97,63.2,1.98%
HD,10/7/2012,,,closed
HD,10/8/2012,62.98,61.88,-1.75%
HD,10/10/2012,60.51,59.74,-1.27%
HD,10/12/2012,59.25,59.56,0.52%
HD,10/12/2012,59.25,59.56,0.52%
HD,10/11/2012,59.95,59.01,-1.57%
HD,10/11/2012,59.95,59.01,-1.57%
HD,10/11/2012,59.95,59.01,-1.57%
HD,10/12/2012,59.25,59.56,0.52%
HD,10/12/2012,59.25,59.56,0.52%
HD,10/13/2012,,,closed
HD,10/14/2012,,,closed
HD,10/15/2012,59.88,60.65,1.29%
HD,10/17/2012,61.29,61.39,0.16%
HD,10/18/2012,61.39,61.8,0.67%
HD,10/19/2012,61.76,61.89,0.21%
HD,10/20/2012,,,closed
HD,10/21/2012,,,closed
HD,10/22/2012,61.75,62.04,0.47%
HD,10/23/2012,61.55,61.75,0.32%
HD,10/24/2012,61.95,61.28,-1.08%
HD,10/25/2012,61.7,60.48,-1.98%
HD,10/26/2012,60.38,60.04,-0.56%
HD,10/26/2012,60.38,60.04,-0.56%
HD,10/27/2012,,,closed
HD,10/29/2012,,,closed
HD,10/30/2012,,,closed
HD,10/31/2012,62.76,61.38,-2.20%
HD,11/1/2012,61.95,62.26,0.50%
HD,11/2/2012,62.55,62.02,-0.85%
HD,11/4/2012,,,closed
HD,11/6/2012,62.59,62.62,0.05%
HD,11/7/2012,62.34,61.99,-0.56%
HD,11/9/2012,60.66,60.96,0.49%
HD,11/9/2012,60.66,60.96,0.49%
HD,11/8/2012,61.8,60.86,-1.52%
HD,11/9/2012,60.66,60.96,0.49%
HD,11/8/2012,61.8,60.86,-1.52%
HD,11/9/2012,60.66,60.96,0.49%
HD,11/10/2012,,,closed
HD,11/11/2012,,,closed
HD,11/10/2012,,,closed
HD,11/10/2012,,,closed
HD,11/12/2012,61.24,61.16,-0.13%
HD,11/12/2012,61.24,61.16,-0.13%
HD,11/11/2012,,,closed
HD,11/12/2012,61.24,61.16,-0.13%
HD,11/13/2012,62.35,63.38,1.65%
HD,11/12/2012,61.24,61.16,-0.13%
HD,11/13/2012,62.35,63.38,1.65%
HD,11/13/2012,62.35,63.38,1.65%
HD,11/13/2012,62.35,63.38,1.65%
HD,11/13/2012,62.35,63.38,1.65%
HD,11/13/2012,62.35,63.38,1.65%
HD,11/13/2012,62.35,63.38,1.65%
HD,11/14/2012,63.24,61.47,-2.80%
HD,11/14/2012,63.24,61.47,-2.80%
HD,11/15/2012,61.27,61.25,-0.03%
HD,11/16/2012,61.0301,62.12,1.79%
HD,11/17/2012,,,closed
HD,11/18/2012,,,closed
HD,11/19/2012,62.49,63.33,1.34%
HD,11/20/2012,63.22,63.82,0.95%
HD,11/20/2012,63.22,63.82,0.95%
HD,11/21/2012,63.66,64.09,0.68%
HD,11/22/2012,,,closed
HD,11/24/2012,,,closed
HD,11/25/2012,,,closed
HD,11/27/2012,64.01,64.16,0.23%
HD,11/27/2012,64.01,64.16,0.23%
HD,11/27/2012,64.01,64.16,0.23%
HD,11/27/2012,64.01,64.16,0.23%
HD,11/27/2012,64.01,64.16,0.23%
HD,11/28/2012,63.87,64.83,1.50%
HD,11/29/2012,64.56,64.24,-0.50%
HD,11/30/2012,64.4,65.07,1.04%
HD,11/30/2012,64.4,65.07,1.04%
HD,12/1/2012,,,closed
HD,12/2/2012,,,closed
HD,12/3/2012,65,64.98,-0.03%
HD,12/4/2012,64.93,64.24,-1.06%
HD,12/4/2012,64.93,64.24,-1.06%
HD,12/5/2012,64.17,64.02,-0.23%
HD,12/7/2012,64.6,64.45,-0.23%
HD,12/9/2012,,,closed
HD,12/10/2012,64.3399,63.04,-2.02%
HD,12/11/2012,63.27,62.89,-0.60%
HD,12/12/2012,63.19,62.93,-0.41%
HD,12/13/2012,63.04,62.41,-1.00%
HD,12/14/2012,62.33,62.06,-0.43%
HD,12/14/2012,62.33,62.06,-0.43%
HD,12/17/2012,62.15,63.31,1.87%
HD,12/18/2012,63.39,63,-0.62%
HD,12/21/2012,61.32,61.32,0.00%
HD,12/21/2012,61.32,61.32,0.00%
HD,12/22/2012,,,closed
HD,12/24/2012,61.01,61.57,0.92%
HD,12/27/2012,61.03,61.07,0.07%
HD,12/28/2012,60.61,60.65,0.07%
HD,12/29/2012,,,closed
HD,12/30/2012,,,closed
HD,1/1/2013,,,closed
HD,1/2/2013,63.57,63.48,-0.14%
HD,1/4/2013,63.21,63.18,-0.05%
HD,1/5/2013,,,closed
HD,1/7/2013,62.6,62.8412,0.39%
HD,1/9/2013,63.51,63.17,-0.54%
HD,1/9/2013,63.51,63.17,-0.54%
HD,1/9/2013,63.51,63.17,-0.54%
HD,1/11/2013,63.47,63.7,0.36%
HD,1/10/2013,63.38,63.62,0.38%
HD,1/10/2013,63.38,63.62,0.38%
HD,1/11/2013,63.47,63.7,0.36%
HD,1/11/2013,63.47,63.7,0.36%
HD,1/13/2013,,,closed
HD,1/14/2013,63.66,63.48,-0.28%
HD,1/15/2013,63.5,63.95,0.71%
HD,1/16/2013,63.64,63.86,0.35%
HD,1/16/2013,63.64,63.86,0.35%
HD,1/17/2013,64.19,65.05,1.34%
HD,1/18/2013,65.15,65.47,0.49%
HD,1/21/2013,,,closed
HD,1/22/2013,65.39,65.75,0.55%
HD,1/23/2013,65.47,66.46,1.51%
HD,1/24/2013,66.56,67.35,1.19%
HD,1/25/2013,67.61,67.82,0.31%
HD,1/27/2013,,,closed
HD,2/10/2013,,,closed
HD,1/30/2013,67.22,67.24,0.03%
HD,2/1/2013,67.62,67.3,-0.47%
HD,2/1/2013,67.62,67.3,-0.47%
HD,2/2/2013,,,closed
HD,2/3/2013,,,closed
HD,2/4/2013,66.86,66.36,-0.75%
HD,2/6/2013,66.04,66.67,0.95%
HD,2/6/2013,66.04,66.67,0.95%
HD,2/6/2013,66.04,66.67,0.95%
HD,2/6/2013,66.04,66.67,0.95%
HD,2/8/2013,66.55,67.01,0.69%
HD,2/7/2013,66.65,66.31,-0.51%
HD,2/7/2013,66.65,66.31,-0.51%
HD,2/9/2013,,,closed
HD,2/9/2013,,,closed
HD,2/10/2013,,,closed
HD,2/11/2013,66.87,66.38,-0.73%
HD,2/12/2013,66.7,67.32,0.93%
HD,2/13/2013,67.52,67.45,-0.10%
HD,2/13/2013,67.52,67.45,-0.10%
HD,2/12/2013,66.7,67.32,0.93%
HD,2/13/2013,67.52,67.45,-0.10%
HD,2/15/2013,67.52,67.52,0.00%
HD,2/15/2013,67.52,67.52,0.00%
HD,2/16/2013,,,closed
HD,2/17/2013,,,closed
HD,2/18/2013,,,closed
HD,2/19/2013,67.63,67.55,-0.12%
HD,2/20/2013,67.44,66.44,-1.48%
HD,2/21/2013,65.8599,64.38,-2.25%
HD,2/21/2013,65.8599,64.38,-2.25%
HD,2/23/2013,,,closed
HD,2/22/2013,64.8,65.58,1.20%
HD,2/23/2013,,,closed
HD,2/25/2013,65.96,63.92,-3.09%
HD,2/26/2013,65.56,67.56,3.05%
HD,2/26/2013,65.56,67.56,3.05%
HD,2/27/2013,67.58,68.06,0.71%
HD,2/28/2013,67.91,68.5,0.87%
HD,3/1/2013,68.38,69.03,0.95%
HD,3/3/2013,,,closed
HD,3/4/2013,68.95,70.29,1.94%
HD,3/5/2013,70.58,70.47,-0.16%
HD,3/5/2013,70.58,70.47,-0.16%
HD,3/6/2013,70.47,70.48,0.01%
HD,3/6/2013,70.47,70.48,0.01%
HD,3/7/2013,70.4,70.25,-0.21%
HD,3/7/2013,70.4,70.25,-0.21%
HD,3/7/2013,70.4,70.25,-0.21%
HD,3/7/2013,70.4,70.25,-0.21%
HD,3/8/2013,70.59,71.37,1.10%
HD,3/9/2013,,,closed
HD,3/11/2013,71.32,71.32,0.00%
HD,3/11/2013,71.32,71.32,0.00%
HD,3/13/2013,70.79,70.76,-0.04%
HD,3/14/2013,70.87,70.24,-0.89%
HD,3/15/2013,70.03,69.05,-1.40%
HD,3/17/2013,,,closed
HD,3/17/2013,,,closed
HD,3/18/2013,68.45,69.35,1.31%
HD,3/19/2013,69.55,68.79,-1.09%
HD,3/20/2013,69.39,68.88,-0.73%
HD,3/21/2013,68.65,68.95,0.44%
HD,3/22/2013,69.23,69.56,0.48%
HD,3/22/2013,69.23,69.56,0.48%
HD,3/23/2013,,,closed
HD,3/25/2013,69.8,69.47,-0.47%
HD,3/27/2013,69.21,69.65,0.64%
HD,3/26/2013,69.66,70.05,0.56%
HD,3/27/2013,69.21,69.65,0.64%
HD,3/28/2013,69.44,69.78,0.49%
HD,3/28/2013,69.44,69.78,0.49%
HD,3/29/2013,,,closed
HD,3/29/2013,,,closed
HD,3/31/2013,,,closed
HD,4/1/2013,69.51,69.67,0.23%
HD,4/1/2013,69.51,69.67,0.23%
HD,4/3/2013,70.85,70.36,-0.69%
HD,4/3/2013,70.85,70.36,-0.69%
HD,4/3/2013,70.85,70.36,-0.69%
HD,4/5/2013,70,70.06,0.09%
HD,4/4/2013,70.36,70.69,0.47%
HD,4/4/2013,70.36,70.69,0.47%
HD,4/5/2013,70,70.06,0.09%
HD,4/6/2013,,,closed
HD,4/7/2013,,,closed
HD,4/8/2013,69.78,71.22,2.06%
HD,4/9/2013,71.23,71.2,-0.04%
HD,4/10/2013,71.4,71.69,0.41%
HD,4/12/2013,72.41,73.62,1.67%
HD,4/12/2013,72.41,73.62,1.67%
HD,4/13/2013,,,closed
HD,4/15/2013,73.35,72.23,-1.53%
HD,4/16/2013,72.55,72.46,-0.12%
HD,4/16/2013,72.55,72.46,-0.12%
HD,4/18/2013,72.67,72.48,-0.26%
HD,4/19/2013,72.92,74,1.48%
HD,4/19/2013,72.92,74,1.48%
HD,4/20/2013,,,closed
HD,4/21/2013,,,closed
HD,4/23/2013,74.14,73.38,-1.03%
HD,4/22/2013,73.92,73.86,-0.08%
HD,4/23/2013,74.14,73.38,-1.03%
HD,4/24/2013,73.55,73.28,-0.37%
HD,4/24/2013,73.55,73.28,-0.37%
HD,4/25/2013,73.31,73.37,0.08%
HD,4/25/2013,73.31,73.37,0.08%
HD,4/25/2013,73.31,73.37,0.08%
HD,4/26/2013,73.24,73.35,0.15%
HD,4/29/2013,73.44,73.67,0.31%
HD,4/29/2013,73.44,73.67,0.31%
HD,4/28/2013,,,closed
HD,4/29/2013,73.44,73.67,0.31%
HD,4/30/2013,73.5,73.35,-0.20%
HD,4/30/2013,73.5,73.35,-0.20%
HD,5/2/2013,72.77,73.33,0.77%
HD,5/1/2013,73.18,72.76,-0.57%
HD,5/3/2013,73.72,73.96,0.33%
HD,5/3/2013,73.72,73.96,0.33%
HD,5/4/2013,,,closed
HD,5/4/2013,,,closed
HD,5/7/2013,75.24,75.07,-0.23%
HD,5/4/2013,,,closed
HD,5/1/2013,73.18,72.76,-0.57%
HD,5/7/2013,75.24,75.07,-0.23%
HD,5/8/2013,75.1901,75.42,0.31%
HD,5/10/2013,76.14,76.01,-0.17%
HD,5/13/2013,76.01,76.67,0.87%
HD,5/14/2013,76.7799,77.32,0.70%
HD,5/15/2013,77.6,77.88,0.36%
HD,5/16/2013,77.5,76.75,-0.97%
HD,5/17/2013,76.3399,76.86,0.68%
HD,5/18/2013,,,closed
HD,5/19/2013,,,closed
HD,5/20/2013,76.7701,76.76,-0.01%
HD,5/22/2013,79.26,79.69,0.54%
HD,5/21/2013,79.33,78.71,-0.78%
HD,5/21/2013,79.33,78.71,-0.78%
HD,5/21/2013,79.33,78.71,-0.78%
HD,5/21/2013,79.33,78.71,-0.78%
HD,5/21/2013,79.33,78.71,-0.78%
HD,5/21/2013,79.33,78.71,-0.78%
HD,5/22/2013,79.26,79.69,0.54%
HD,5/21/2013,79.33,78.71,-0.78%
HD,5/21/2013,79.33,78.71,-0.78%
HD,5/22/2013,79.26,79.69,0.54%
HD,5/22/2013,79.26,79.69,0.54%
HD,5/22/2013,79.26,79.69,0.54%
HD,5/23/2013,78.89,78.91,0.03%
HD,5/24/2013,78.5,78.99,0.62%
HD,5/26/2013,,,closed
HD,5/29/2013,79.38,79.49,0.14%
HD,5/29/2013,79.38,79.49,0.14%
HD,5/30/2013,79.55,79.44,-0.14%
HD,5/31/2013,79.54,78.66,-1.11%
HD,5/30/2013,79.55,79.44,-0.14%
HD,5/31/2013,79.54,78.66,-1.11%
HD,6/1/2013,,,closed
HD,6/1/2013,,,closed
HD,6/4/2013,78.5,76.63,-2.38%
HD,6/5/2013,76.11,75.1,-1.33%
HD,6/6/2013,75.02,77.26,2.99%
HD,6/7/2013,77.73,78.74,1.30%
HD,6/7/2013,77.73,78.74,1.30%
HD,6/8/2013,,,closed
HD,6/10/2013,78.94,77.73,-1.53%
HD,6/10/2013,78.94,77.73,-1.53%
HD,6/11/2013,77.23,77.61,0.49%
HD,6/13/2013,76.35,76.53,0.24%
HD,6/12/2013,78.04,76.4,-2.10%
HD,6/14/2013,76.22,76.59,0.49%
HD,6/14/2013,76.22,76.59,0.49%
HD,6/15/2013,,,closed
HD,6/17/2013,77.08,76.14,-1.22%
HD,6/19/2013,77.07,75.93,-1.48%
HD,6/18/2013,76.12,77.19,1.41%
HD,6/20/2013,75.43,73.87,-2.07%
HD,6/22/2013,,,closed
HD,6/24/2013,72.9,73.51,0.84%
HD,6/24/2013,72.9,73.51,0.84%
HD,6/25/2013,74.07,74.14,0.09%
HD,6/27/2013,75.99,76.27,0.37%
HD,6/27/2013,75.99,76.27,0.37%
HD,6/28/2013,76.16,77.47,1.72%
HD,6/27/2013,75.99,76.27,0.37%
HD,6/28/2013,76.16,77.47,1.72%
HD,6/27/2013,75.99,76.27,0.37%
HD,6/28/2013,76.16,77.47,1.72%
HD,6/29/2013,,,closed
HD,7/1/2013,77.63,76.87,-0.98%
HD,7/2/2013,77.29,77.31,0.03%
HD,7/4/2013,,,closed
HD,7/5/2013,77.91,78.29,0.49%
HD,7/9/2013,79.54,79.7,0.20%
HD,7/11/2013,80.27,79.86,-0.51%
HD,7/12/2013,79.92,80.54,0.78%
HD,7/14/2013,,,closed
HD,7/16/2013,80.41,80.22,-0.24%
HD,7/18/2013,80.33,80.02,-0.39%
HD,7/19/2013,79.95,79.89,-0.08%
HD,7/19/2013,79.95,79.89,-0.08%
HD,7/21/2013,,,closed
HD,7/24/2013,80.45,80.27,-0.22%
HD,7/25/2013,80.09,78.99,-1.37%
HD,7/25/2013,80.09,78.99,-1.37%
HD,7/25/2013,80.09,78.99,-1.37%
HD,7/25/2013,80.09,78.99,-1.37%
HD,7/26/2013,78.42,78.74,0.41%
HD,7/26/2013,78.42,78.74,0.41%
HD,7/25/2013,80.09,78.99,-1.37%
HD,7/26/2013,78.42,78.74,0.41%
HD,7/27/2013,,,closed
HD,7/29/2013,78.64,78.67,0.04%
HD,7/30/2013,79.17,78.6,-0.72%
HD,7/29/2013,78.64,78.67,0.04%
HD,7/29/2013,78.64,78.67,0.04%
HD,7/29/2013,78.64,78.67,0.04%
HD,7/29/2013,78.64,78.67,0.04%
HD,7/29/2013,78.64,78.67,0.04%
HD,7/30/2013,79.17,78.6,-0.72%
HD,8/2/2013,78.64,80.23,2.02%
HD,8/3/2013,,,closed
HD,8/6/2013,79.62,80.05,0.54%
HD,8/6/2013,79.62,80.05,0.54%
HD,8/8/2013,79.43,80.04,0.77%
HD,8/9/2013,79.68,78.97,-0.89%
HD,8/12/2013,78.62,79.2,0.74%
HD,8/14/2013,79.15,77.44,-2.16%
HD,8/15/2013,76.48,75.14,-1.75%
HD,8/16/2013,75.19,75.38,0.25%
HD,8/19/2013,75.49,75.21,-0.37%
HD,8/20/2013,77.04,74.29,-3.57%
HD,8/20/2013,77.04,74.29,-3.57%
HD,8/20/2013,77.04,74.29,-3.57%
HD,8/21/2013,74.6,73.73,-1.17%
HD,8/20/2013,77.04,74.29,-3.57%
HD,8/20/2013,77.04,74.29,-3.57%
HD,8/20/2013,77.04,74.29,-3.57%
HD,8/20/2013,77.04,74.29,-3.57%
HD,8/20/2013,77.04,74.29,-3.57%
HD,8/20/2013,77.04,74.29,-3.57%
HD,8/20/2013,77.04,74.29,-3.57%
HD,8/20/2013,77.04,74.29,-3.57%
HD,8/20/2013,77.04,74.29,-3.57%
HD,8/20/2013,77.04,74.29,-3.57%
HD,8/20/2013,77.04,74.29,-3.57%
HD,8/20/2013,77.04,74.29,-3.57%
HD,8/20/2013,77.04,74.29,-3.57%
HD,8/20/2013,77.04,74.29,-3.57%
HD,8/20/2013,77.04,74.29,-3.57%
HD,8/21/2013,74.6,73.73,-1.17%
HD,8/21/2013,74.6,73.73,-1.17%
HD,8/22/2013,73.91,74,0.12%
HD,8/21/2013,74.6,73.73,-1.17%
HD,8/20/2013,77.04,74.29,-3.57%
HD,8/20/2013,77.04,74.29,-3.57%
HD,8/21/2013,74.6,73.73,-1.17%
HD,8/20/2013,77.04,74.29,-3.57%
HD,8/21/2013,74.6,73.73,-1.17%
HD,8/22/2013,73.91,74,0.12%
HD,8/22/2013,73.91,74,0.12%
HD,8/24/2013,,,closed
HD,8/23/2013,74.15,73.89,-0.35%
HD,8/25/2013,,,closed
HD,8/26/2013,73.83,75.43,2.17%
HD,8/27/2013,74.85,74.12,-0.98%
HD,8/28/2013,74.11,75.03,1.24%
HD,8/29/2013,74.97,75.05,0.11%
HD,9/1/2013,,,closed
HD,9/3/2013,74.83,73.9,-1.24%
HD,9/4/2013,73.98,74.14,0.22%
HD,9/5/2013,74.07,72.99,-1.46%
HD,9/6/2013,73.55,72.7,-1.16%
HD,9/6/2013,73.55,72.7,-1.16%
HD,9/8/2013,,,closed
HD,9/9/2013,72.98,73.58,0.82%
HD,9/10/2013,73.96,74.6,0.87%
HD,9/11/2013,74.66,75.04,0.51%
HD,9/11/2013,74.66,75.04,0.51%
HD,9/12/2013,75.18,75.4,0.29%
HD,9/13/2013,75.33,75.11,-0.29%
HD,9/13/2013,75.33,75.11,-0.29%
HD,9/14/2013,,,closed
HD,9/15/2013,,,closed
HD,9/17/2013,75.64,75.8,0.21%
HD,9/16/2013,76.05,75.54,-0.67%
HD,9/17/2013,75.64,75.8,0.21%
HD,9/17/2013,75.64,75.8,0.21%
HD,9/17/2013,75.64,75.8,0.21%
HD,9/16/2013,76.05,75.54,-0.67%
HD,9/17/2013,75.64,75.8,0.21%
HD,9/16/2013,76.05,75.54,-0.67%
HD,9/17/2013,75.64,75.8,0.21%
HD,9/16/2013,76.05,75.54,-0.67%
HD,9/16/2013,76.05,75.54,-0.67%
HD,9/16/2013,76.05,75.54,-0.67%
HD,9/16/2013,76.05,75.54,-0.67%
HD,9/17/2013,75.64,75.8,0.21%
HD,9/16/2013,76.05,75.54,-0.67%
HD,9/16/2013,76.05,75.54,-0.67%
HD,9/16/2013,76.05,75.54,-0.67%
HD,9/17/2013,75.64,75.8,0.21%
HD,9/16/2013,76.05,75.54,-0.67%
HD,9/17/2013,75.64,75.8,0.21%
HD,9/17/2013,75.64,75.8,0.21%
HD,9/17/2013,75.64,75.8,0.21%
HD,9/18/2013,75.77,77.37,2.11%
HD,9/18/2013,75.77,77.37,2.11%
HD,9/18/2013,75.77,77.37,2.11%
HD,9/19/2013,77.84,78.51,0.86%
HD,9/19/2013,77.84,78.51,0.86%
HD,9/21/2013,,,closed
HD,9/21/2013,,,closed
HD,9/20/2013,78.81,77,-2.30%
HD,9/20/2013,78.81,77,-2.30%
HD,9/21/2013,,,closed
HD,9/20/2013,78.81,77,-2.30%
HD,9/21/2013,,,closed
HD,9/21/2013,,,closed
HD,9/23/2013,76.46,75.91,-0.72%
HD,9/24/2013,75.8,76.04,0.32%
HD,9/23/2013,76.46,75.91,-0.72%
HD,9/24/2013,75.8,76.04,0.32%
HD,9/25/2013,75.88,75.52,-0.47%
HD,9/25/2013,75.88,75.52,-0.47%
HD,9/27/2013,75.65,75.96,0.41%
HD,9/27/2013,75.65,75.96,0.41%
HD,9/28/2013,,,closed
HD,9/29/2013,,,closed
HD,10/1/2013,75.88,76.26,0.50%
HD,10/3/2013,76.4,75.88,-0.68%
HD,10/2/2013,75.86,76.32,0.61%
HD,10/3/2013,76.4,75.88,-0.68%
HD,10/4/2013,75.8,75.78,-0.03%
HD,10/7/2013,75.4,75.13,-0.36%
HD,10/8/2013,75.02,74.27,-1.00%
HD,10/8/2013,75.02,74.27,-1.00%
HD,10/9/2013,74.35,74.14,-0.28%
HD,10/10/2013,75.04,75.51,0.63%
HD,10/9/2013,74.35,74.14,-0.28%
HD,10/8/2013,75.02,74.27,-1.00%
HD,10/9/2013,74.35,74.14,-0.28%
HD,10/9/2013,74.35,74.14,-0.28%
HD,10/10/2013,75.04,75.51,0.63%
HD,10/10/2013,75.04,75.51,0.63%
HD,10/10/2013,75.04,75.51,0.63%
HD,10/12/2013,,,closed
HD,10/11/2013,75.45,76.32,1.15%
HD,10/12/2013,,,closed
HD,10/13/2013,,,closed
HD,10/14/2013,75.74,76.35,0.81%
HD,10/16/2013,75.44,74.94,-0.66%
HD,10/17/2013,74.51,75.74,1.65%
HD,10/18/2013,75.26,74.69,-0.76%
HD,10/20/2013,,,closed
HD,10/21/2013,74.6,74.62,0.03%
HD,10/21/2013,74.6,74.62,0.03%
HD,10/22/2013,75.04,74.86,-0.24%
HD,10/24/2013,75.42,76.78,1.80%
HD,10/25/2013,76.55,76.25,-0.39%
HD,10/26/2013,,,closed
HD,10/29/2013,76.45,77.5,1.37%
HD,10/30/2013,77.68,77.88,0.26%
HD,10/31/2013,77.99,77.89,-0.13%
HD,11/1/2013,77.98,76.99,-1.27%
HD,11/4/2013,77.18,77,-0.23%
HD,11/5/2013,76.78,76.65,-0.17%
HD,11/5/2013,76.78,76.65,-0.17%
HD,11/6/2013,76.72,76.42,-0.39%
HD,11/7/2013,76.82,75.69,-1.47%
HD,11/8/2013,75.28,75.48,0.27%
HD,11/7/2013,76.82,75.69,-1.47%
HD,11/8/2013,75.28,75.48,0.27%
HD,11/7/2013,76.82,75.69,-1.47%
HD,11/8/2013,75.28,75.48,0.27%
HD,11/8/2013,75.28,75.48,0.27%
HD,11/8/2013,75.28,75.48,0.27%
HD,11/9/2013,,,closed
HD,11/10/2013,,,closed
HD,11/11/2013,75.27,75.37,0.13%
HD,11/12/2013,75.84,76.18,0.45%
HD,11/12/2013,75.84,76.18,0.45%
HD,11/13/2013,75.69,77.6,2.52%
HD,11/15/2013,78.84,80.03,1.51%
HD,11/16/2013,,,closed
HD,11/15/2013,78.84,80.03,1.51%
HD,11/16/2013,,,closed
HD,11/17/2013,,,closed
HD,11/18/2013,80,79.67,-0.41%
HD,11/19/2013,82.22,80.38,-2.24%
HD,11/19/2013,82.22,80.38,-2.24%
HD,11/19/2013,82.22,80.38,-2.24%
HD,11/19/2013,82.22,80.38,-2.24%
HD,11/19/2013,82.22,80.38,-2.24%
HD,11/19/2013,82.22,80.38,-2.24%
HD,11/20/2013,80.73,79.75,-1.21%
HD,11/20/2013,80.73,79.75,-1.21%
HD,11/21/2013,80.06,79.83,-0.29%
HD,11/21/2013,80.06,79.83,-0.29%
HD,11/22/2013,79.6,79.18,-0.53%
HD,11/23/2013,,,closed
HD,11/25/2013,79.3,79.75,0.57%
HD,11/27/2013,80.34,80.66,0.40%
HD,11/28/2013,,,closed
HD,12/3/2013,78.96,78.71,-0.32%
HD,12/5/2013,78.32,78.54,0.28%
HD,12/7/2013,,,closed
HD,12/9/2013,79.91,79.6,-0.39%
HD,12/10/2013,79.32,78.61,-0.90%
HD,12/11/2013,78.38,79,0.79%
HD,12/10/2013,79.32,78.61,-0.90%
HD,12/11/2013,78.38,79,0.79%
HD,12/11/2013,78.38,79,0.79%
HD,12/11/2013,78.38,79,0.79%
HD,12/11/2013,78.38,79,0.79%
HD,12/13/2013,79.09,79.01,-0.10%
HD,12/12/2013,78.99,78.53,-0.58%
HD,12/12/2013,78.99,78.53,-0.58%
HD,12/13/2013,79.09,79.01,-0.10%
HD,12/14/2013,,,closed
HD,12/17/2013,79.31,78.62,-0.87%
HD,12/18/2013,78.8,80.05,1.59%
HD,12/20/2013,80.18,80.04,-0.17%
HD,12/21/2013,,,closed
HD,12/23/2013,80.07,80.56,0.61%
HD,12/26/2013,80.84,81.55,0.88%
HD,12/30/2013,81.67,81.94,0.33%
HD,12/31/2013,81.99,82.34,0.43%
HD,5/6/2013,73.88,75.26,1.87%
HD,5/5/2013,,,closed
HD,5/6/2013,73.88,75.26,1.87%
HD,5/7/2013,75.24,75.07,-0.23%
HD,5/7/2013,75.24,75.07,-0.23%
HD,5/8/2013,75.1901,75.42,0.31%
HD,5/9/2013,75.36,75.87,0.68%
HD,5/10/2013,76.14,76.01,-0.17%
HD,5/12/2013,,,closed
HD,5/13/2013,76.01,76.67,0.87%
HD,5/15/2013,77.6,77.88,0.36%
HD,5/14/2013,76.7799,77.32,0.70%
HD,5/15/2013,77.6,77.88,0.36%
HD,5/16/2013,77.5,76.75,-0.97%
HD,5/16/2013,77.5,76.75,-0.97%
HD,5/17/2013,76.3399,76.86,0.68%
HD,5/18/2013,,,closed
HD,5/19/2013,,,closed
HD,5/21/2013,79.33,78.71,-0.78%
HD,5/21/2013,79.33,78.71,-0.78%
HD,5/21/2013,79.33,78.71,-0.78%
HD,5/20/2013,76.7701,76.76,-0.01%
HD,5/21/2013,79.33,78.71,-0.78%
HD,5/22/2013,79.26,79.69,0.54%
HD,5/22/2013,79.26,79.69,0.54%
HD,5/24/2013,78.5,78.99,0.62%
HD,5/23/2013,78.89,78.91,0.03%
HD,5/24/2013,78.5,78.99,0.62%
HD,5/25/2013,,,closed
HD,5/26/2013,,,closed
HD,5/28/2013,79.94,79.82,-0.15%
HD,5/28/2013,79.94,79.82,-0.15%
HD,5/29/2013,79.38,79.49,0.14%
HD,5/30/2013,79.55,79.44,-0.14%
HD,5/31/2013,79.54,78.66,-1.11%
HD,6/2/2013,,,closed
HD,6/2/2013,,,closed
HD,6/4/2013,78.5,76.63,-2.38%
HD,6/5/2013,76.11,75.1,-1.33%
HD,6/6/2013,75.02,77.26,2.99%
HD,6/7/2013,77.73,78.74,1.30%
HD,6/9/2013,,,closed
HD,6/10/2013,78.94,77.73,-1.53%
HD,6/11/2013,77.23,77.61,0.49%
HD,6/12/2013,78.04,76.4,-2.10%
HD,6/13/2013,76.35,76.53,0.24%
HD,6/14/2013,76.22,76.59,0.49%
HD,6/16/2013,,,closed
HD,6/17/2013,77.08,76.14,-1.22%
HD,6/18/2013,76.12,77.19,1.41%
HD,6/20/2013,75.43,73.87,-2.07%
HD,6/19/2013,77.07,75.93,-1.48%
HD,6/19/2013,77.07,75.93,-1.48%
HD,6/20/2013,75.43,73.87,-2.07%
HD,6/22/2013,,,closed
HD,6/22/2013,,,closed
HD,6/23/2013,,,closed
HD,6/24/2013,72.9,73.51,0.84%
HD,6/25/2013,74.07,74.14,0.09%
HD,6/26/2013,74.79,75.67,1.18%
HD,6/27/2013,75.99,76.27,0.37%
HD,6/30/2013,,,closed
HD,7/2/2013,77.29,77.31,0.03%
HD,7/3/2013,76.99,77.73,0.96%
HD,7/4/2013,,,closed
HD,7/6/2013,,,closed
HD,7/7/2013,,,closed
HD,7/9/2013,79.54,79.7,0.20%
HD,7/8/2013,78.56,79.22,0.84%
HD,7/10/2013,79.67,79.4,-0.34%
HD,7/11/2013,80.27,79.86,-0.51%
HD,7/13/2013,,,closed
HD,7/15/2013,80.63,80.4,-0.29%
HD,7/17/2013,80.76,80.44,-0.40%
HD,7/17/2013,80.76,80.44,-0.40%
HD,7/20/2013,,,closed
HD,7/20/2013,,,closed
HD,7/20/2013,,,closed
HD,7/22/2013,79.98,80,0.03%
HD,7/23/2013,80.14,80.19,0.06%
HD,7/24/2013,80.45,80.27,-0.22%
HD,7/25/2013,80.09,78.99,-1.37%
HD,7/26/2013,78.42,78.74,0.41%
HD,7/26/2013,78.42,78.74,0.41%
HD,7/28/2013,,,closed
HD,7/29/2013,78.64,78.67,0.04%
HD,7/30/2013,79.17,78.6,-0.72%
HD,7/31/2013,78.69,79.03,0.43%
HD,8/1/2013,79.52,78.64,-1.11%
HD,8/2/2013,78.64,80.23,2.02%
HD,8/4/2013,,,closed
HD,8/5/2013,79.95,79.66,-0.36%
HD,8/6/2013,79.62,80.05,0.54%
HD,8/7/2013,79.56,78.83,-0.92%
HD,8/6/2013,79.62,80.05,0.54%
HD,8/8/2013,79.43,80.04,0.77%
HD,8/8/2013,79.43,80.04,0.77%
HD,8/10/2013,,,closed
HD,8/12/2013,78.62,79.2,0.74%
HD,8/13/2013,79.14,79.44,0.38%
HD,8/14/2013,79.15,77.44,-2.16%
HD,8/15/2013,76.48,75.14,-1.75%
HD,8/16/2013,75.19,75.38,0.25%
HD,8/18/2013,,,closed
HD,8/20/2013,77.04,74.29,-3.57%
HD,8/19/2013,75.49,75.21,-0.37%
HD,8/20/2013,77.04,74.29,-3.57%
HD,8/20/2013,77.04,74.29,-3.57%
HD,8/20/2013,77.04,74.29,-3.57%
HD,8/21/2013,74.6,73.73,-1.17%
HD,8/21/2013,74.6,73.73,-1.17%
HD,8/23/2013,74.15,73.89,-0.35%
HD,8/26/2013,73.83,75.43,2.17%
HD,8/28/2013,74.11,75.03,1.24%
HD,8/27/2013,74.85,74.12,-0.98%
HD,8/29/2013,74.97,75.05,0.11%
HD,8/28/2013,74.11,75.03,1.24%
HD,8/28/2013,74.11,75.03,1.24%
HD,8/29/2013,74.97,75.05,0.11%
HD,8/30/2013,75.12,74.49,-0.84%
HD,8/31/2013,,,closed
HD,8/31/2013,,,closed
HD,8/31/2013,,,closed
HD,9/1/2013,,,closed
HD,9/2/2013,,,closed
HD,9/3/2013,74.83,73.9,-1.24%
HD,9/4/2013,73.98,74.14,0.22%
HD,9/5/2013,74.07,72.99,-1.46%
HD,9/6/2013,73.55,72.7,-1.16%
HD,9/7/2013,,,closed
HD,9/8/2013,,,closed
HD,9/9/2013,72.98,73.58,0.82%
HD,9/11/2013,74.66,75.04,0.51%
HD,9/10/2013,73.96,74.6,0.87%
HD,9/12/2013,75.18,75.4,0.29%
HD,9/12/2013,75.18,75.4,0.29%
HD,9/11/2013,74.66,75.04,0.51%
HD,9/12/2013,75.18,75.4,0.29%
HD,9/13/2013,75.33,75.11,-0.29%
HD,9/13/2013,75.33,75.11,-0.29%
HD,9/12/2013,75.18,75.4,0.29%
HD,9/13/2013,75.33,75.11,-0.29%
HD,9/13/2013,75.33,75.11,-0.29%
HD,9/12/2013,75.18,75.4,0.29%
HD,9/13/2013,75.33,75.11,-0.29%
HD,9/13/2013,75.33,75.11,-0.29%
HD,9/12/2013,75.18,75.4,0.29%
HD,9/12/2013,75.18,75.4,0.29%
HD,9/13/2013,75.33,75.11,-0.29%
HD,9/13/2013,75.33,75.11,-0.29%
HD,9/13/2013,75.33,75.11,-0.29%
HD,9/13/2013,75.33,75.11,-0.29%
HD,9/12/2013,75.18,75.4,0.29%
HD,9/12/2013,75.18,75.4,0.29%
HD,9/13/2013,75.33,75.11,-0.29%
HD,9/13/2013,75.33,75.11,-0.29%
HD,9/13/2013,75.33,75.11,-0.29%
HD,9/13/2013,75.33,75.11,-0.29%
HD,9/13/2013,75.33,75.11,-0.29%
HD,9/13/2013,75.33,75.11,-0.29%
HD,9/13/2013,75.33,75.11,-0.29%
HD,9/12/2013,75.18,75.4,0.29%
HD,9/12/2013,75.18,75.4,0.29%
HD,9/12/2013,75.18,75.4,0.29%
HD,9/13/2013,75.33,75.11,-0.29%
HD,9/13/2013,75.33,75.11,-0.29%
HD,9/13/2013,75.33,75.11,-0.29%
HD,9/12/2013,75.18,75.4,0.29%
HD,9/12/2013,75.18,75.4,0.29%
HD,9/12/2013,75.18,75.4,0.29%
HD,9/12/2013,75.18,75.4,0.29%
HD,9/12/2013,75.18,75.4,0.29%
HD,9/13/2013,75.33,75.11,-0.29%
HD,9/13/2013,75.33,75.11,-0.29%
HD,9/13/2013,75.33,75.11,-0.29%
HD,9/14/2013,,,closed
HD,9/13/2013,75.33,75.11,-0.29%
HD,9/13/2013,75.33,75.11,-0.29%
HD,9/13/2013,75.33,75.11,-0.29%
HD,9/13/2013,75.33,75.11,-0.29%
HD,9/13/2013,75.33,75.11,-0.29%
HD,9/13/2013,75.33,75.11,-0.29%
HD,9/13/2013,75.33,75.11,-0.29%
HD,9/13/2013,75.33,75.11,-0.29%
HD,9/13/2013,75.33,75.11,-0.29%
HD,9/13/2013,75.33,75.11,-0.29%
HD,9/13/2013,75.33,75.11,-0.29%
HD,9/13/2013,75.33,75.11,-0.29%
HD,9/13/2013,75.33,75.11,-0.29%
HD,9/13/2013,75.33,75.11,-0.29%
HD,9/13/2013,75.33,75.11,-0.29%
HD,9/14/2013,,,closed
HD,9/14/2013,,,closed
HD,9/14/2013,,,closed
HD,9/14/2013,,,closed
HD,9/15/2013,,,closed
HD,9/14/2013,,,closed
HD,9/15/2013,,,closed
HD,9/16/2013,76.05,75.54,-0.67%
HD,9/15/2013,,,closed
HD,9/16/2013,76.05,75.54,-0.67%
HD,9/16/2013,76.05,75.54,-0.67%
HD,9/18/2013,75.77,77.37,2.11%
HD,9/17/2013,75.64,75.8,0.21%
HD,9/18/2013,75.77,77.37,2.11%
HD,9/18/2013,75.77,77.37,2.11%
HD,9/18/2013,75.77,77.37,2.11%
HD,9/17/2013,75.64,75.8,0.21%
HD,9/18/2013,75.77,77.37,2.11%
HD,9/18/2013,75.77,77.37,2.11%
HD,9/18/2013,75.77,77.37,2.11%
HD,9/18/2013,75.77,77.37,2.11%
HD,9/18/2013,75.77,77.37,2.11%
HD,9/18/2013,75.77,77.37,2.11%
HD,9/19/2013,77.84,78.51,0.86%
HD,9/18/2013,75.77,77.37,2.11%
HD,9/18/2013,75.77,77.37,2.11%
HD,9/18/2013,75.77,77.37,2.11%
HD,9/18/2013,75.77,77.37,2.11%
HD,9/19/2013,77.84,78.51,0.86%
HD,9/19/2013,77.84,78.51,0.86%
HD,9/19/2013,77.84,78.51,0.86%
HD,9/19/2013,77.84,78.51,0.86%
HD,9/20/2013,78.81,77,-2.30%
HD,9/19/2013,77.84,78.51,0.86%
HD,9/20/2013,78.81,77,-2.30%
HD,9/20/2013,78.81,77,-2.30%
HD,9/21/2013,,,closed
HD,9/22/2013,,,closed
HD,9/21/2013,,,closed
HD,9/22/2013,,,closed
HD,9/22/2013,,,closed
HD,9/24/2013,75.8,76.04,0.32%
HD,9/23/2013,76.46,75.91,-0.72%
HD,9/23/2013,76.46,75.91,-0.72%
HD,9/24/2013,75.8,76.04,0.32%
HD,9/25/2013,75.88,75.52,-0.47%
HD,9/24/2013,75.8,76.04,0.32%
HD,9/25/2013,75.88,75.52,-0.47%
HD,9/26/2013,75.62,76.07,0.60%
HD,9/27/2013,75.65,75.96,0.41%
HD,9/28/2013,,,closed
HD,9/29/2013,,,closed
HD,10/1/2013,75.88,76.26,0.50%
HD,10/2/2013,75.86,76.32,0.61%
HD,10/4/2013,75.8,75.78,-0.03%
HD,10/4/2013,75.8,75.78,-0.03%
HD,10/4/2013,75.8,75.78,-0.03%
HD,10/5/2013,,,closed
HD,10/5/2013,,,closed
HD,10/6/2013,,,closed
HD,10/7/2013,75.4,75.13,-0.36%
HD,10/9/2013,74.35,74.14,-0.28%
HD,10/9/2013,74.35,74.14,-0.28%
HD,10/9/2013,74.35,74.14,-0.28%
HD,10/10/2013,75.04,75.51,0.63%
HD,10/11/2013,75.45,76.32,1.15%
HD,10/11/2013,75.45,76.32,1.15%
HD,10/13/2013,,,closed
HD,10/13/2013,,,closed
HD,10/14/2013,75.74,76.35,0.81%
HD,10/14/2013,75.74,76.35,0.81%
HD,10/15/2013,76.14,75.18,-1.26%
HD,10/16/2013,75.44,74.94,-0.66%
HD,10/17/2013,74.51,75.74,1.65%
HD,10/19/2013,,,closed
HD,10/18/2013,75.26,74.69,-0.76%
HD,10/19/2013,,,closed
HD,10/21/2013,74.6,74.62,0.03%
HD,10/20/2013,,,closed
HD,10/20/2013,,,closed
HD,10/21/2013,74.6,74.62,0.03%
HD,10/21/2013,74.6,74.62,0.03%
HD,10/22/2013,75.04,74.86,-0.24%
HD,10/22/2013,75.04,74.86,-0.24%
HD,10/23/2013,74.54,75.08,0.72%
HD,10/24/2013,75.42,76.78,1.80%
HD,10/24/2013,75.42,76.78,1.80%
HD,10/23/2013,74.54,75.08,0.72%
HD,10/25/2013,76.55,76.25,-0.39%
HD,10/25/2013,76.55,76.25,-0.39%
HD,10/27/2013,,,closed
HD,10/27/2013,,,closed
HD,10/28/2013,76.15,76.06,-0.12%
HD,10/30/2013,77.68,77.88,0.26%
HD,10/30/2013,77.68,77.88,0.26%
HD,10/31/2013,77.99,77.89,-0.13%
HD,11/1/2013,77.98,76.99,-1.27%
HD,11/2/2013,,,closed
HD,11/3/2013,,,closed
HD,11/3/2013,,,closed
HD,11/5/2013,76.78,76.65,-0.17%
HD,11/4/2013,77.18,77,-0.23%
HD,11/5/2013,76.78,76.65,-0.17%
HD,11/5/2013,76.78,76.65,-0.17%
HD,11/6/2013,76.72,76.42,-0.39%
HD,11/7/2013,76.82,75.69,-1.47%
HD,11/8/2013,75.28,75.48,0.27%
HD,11/8/2013,75.28,75.48,0.27%
HD,11/7/2013,76.82,75.69,-1.47%
HD,11/7/2013,76.82,75.69,-1.47%
HD,11/8/2013,75.28,75.48,0.27%
HD,11/8/2013,75.28,75.48,0.27%
HD,11/8/2013,75.28,75.48,0.27%
HD,11/8/2013,75.28,75.48,0.27%
HD,11/9/2013,,,closed
HD,11/10/2013,,,closed
HD,11/10/2013,,,closed
HD,11/11/2013,75.27,75.37,0.13%
HD,11/13/2013,75.69,77.6,2.52%
HD,11/14/2013,78.14,78.94,1.02%
HD,11/14/2013,78.14,78.94,1.02%
HD,11/14/2013,78.14,78.94,1.02%
HD,11/14/2013,78.14,78.94,1.02%
HD,11/15/2013,78.84,80.03,1.51%
HD,11/16/2013,,,closed
HD,11/16/2013,,,closed
HD,11/17/2013,,,closed
HD,11/19/2013,82.22,80.38,-2.24%
HD,11/18/2013,80,79.67,-0.41%
HD,11/19/2013,82.22,80.38,-2.24%
HD,11/19/2013,82.22,80.38,-2.24%
HD,11/20/2013,80.73,79.75,-1.21%
HD,11/21/2013,80.06,79.83,-0.29%
HD,11/22/2013,79.6,79.18,-0.53%
HD,11/23/2013,,,closed
HD,11/24/2013,,,closed
HD,11/25/2013,79.3,79.75,0.57%
HD,11/26/2013,80.21,80.35,0.17%
HD,11/27/2013,80.34,80.66,0.40%
HD,11/28/2013,,,closed
HD,11/30/2013,,,closed
HD,12/3/2013,78.96,78.71,-0.32%
HD,12/2/2013,80.45,79.77,-0.85%
HD,12/3/2013,78.96,78.71,-0.32%
HD,12/4/2013,78.15,78.4,0.32%
HD,12/6/2013,79.08,79.84,0.96%
HD,12/5/2013,78.32,78.54,0.28%
HD,12/6/2013,79.08,79.84,0.96%
HD,12/6/2013,79.08,79.84,0.96%
HD,12/9/2013,79.91,79.6,-0.39%
HD,12/9/2013,79.91,79.6,-0.39%
HD,12/10/2013,79.32,78.61,-0.90%
HD,12/11/2013,78.38,79,0.79%
HD,12/12/2013,78.99,78.53,-0.58%
HD,12/13/2013,79.09,79.01,-0.10%
HD,12/13/2013,79.09,79.01,-0.10%
HD,12/16/2013,79.21,79.1,-0.14%
HD,12/18/2013,78.8,80.05,1.59%
HD,12/19/2013,80.08,79.95,-0.16%
HD,12/20/2013,80.18,80.04,-0.17%
HD,12/22/2013,,,closed
HD,12/21/2013,,,closed
HD,12/22/2013,,,closed
HD,12/23/2013,80.07,80.56,0.61%
HD,12/22/2013,,,closed
HD,12/23/2013,80.07,80.56,0.61%
HD,12/25/2013,,,closed
HD,12/26/2013,80.84,81.55,0.88%
HD,12/29/2013,,,closed
HD,12/30/2013,81.67,81.94,0.33%
HD,12/30/2013,81.67,81.94,0.33%
HD,12/31/2013,81.99,82.34,0.43%
HD,1/1/2014,,,closed
HD,12/31/2013,81.99,82.34,0.43%
HD,1/2/2014,82.11,82.02,-0.11%
HD,1/2/2014,82.11,82.02,-0.11%
HD,1/3/2014,81.91,81.89,-0.02%
HD,1/3/2014,81.91,81.89,-0.02%
HD,1/5/2014,,,closed
HD,1/8/2014,81.54,81.93,0.48%
HD,1/8/2014,81.54,81.93,0.48%
HD,1/9/2014,81.9,81.57,-0.40%
HD,1/11/2014,,,closed
HD,1/12/2014,,,closed
HD,1/13/2014,81.61,80.97,-0.78%
HD,1/14/2014,81.28,81.01,-0.33%
HD,1/15/2014,80.85,81.07,0.27%
HD,1/15/2014,80.85,81.07,0.27%
HD,1/15/2014,80.85,81.07,0.27%
HD,2/2/2014,,,closed
HD,3/17/2014,79.57,79.58,0.01%
HD,3/18/2014,79.65,79.82,0.21%
HD,3/19/2014,79.97,79.75,-0.28%
HD,3/19/2014,79.97,79.75,-0.28%
HD,3/19/2014,79.97,79.75,-0.28%
HD,3/21/2014,80.78,80.42,-0.45%
HD,3/21/2014,80.78,80.42,-0.45%
HD,3/20/2014,79.71,80.09,0.48%
HD,3/21/2014,80.78,80.42,-0.45%
HD,3/22/2014,,,closed
HD,3/25/2014,80.05,79.47,-0.72%
HD,3/24/2014,80.41,79.66,-0.93%
HD,3/26/2014,79.49,78.87,-0.78%
HD,3/25/2014,80.05,79.47,-0.72%
HD,3/26/2014,79.49,78.87,-0.78%
HD,3/26/2014,79.49,78.87,-0.78%
HD,3/27/2014,78.63,78.68,0.06%
HD,3/28/2014,78.92,78.72,-0.25%
HD,3/28/2014,78.92,78.72,-0.25%
HD,3/27/2014,78.63,78.68,0.06%
HD,3/28/2014,78.92,78.72,-0.25%
HD,3/29/2014,,,closed
HD,3/30/2014,,,closed
HD,3/31/2014,79.21,79.13,-0.10%
HD,4/1/2014,79.24,79.38,0.18%
HD,4/2/2014,79.54,79.95,0.52%
HD,4/2/2014,79.54,79.95,0.52%
HD,4/3/2014,79.95,79.4,-0.69%
HD,4/4/2014,79.64,78.72,-1.16%
HD,4/6/2014,,,closed
HD,4/7/2014,78.69,77.13,-1.98%
HD,4/8/2014,76.91,77.11,0.26%
HD,4/9/2014,77.24,77.76,0.67%
HD,4/11/2014,76.62,75.7,-1.20%
HD,4/11/2014,76.62,75.7,-1.20%
HD,4/10/2014,77.62,76.78,-1.08%
HD,4/11/2014,76.62,75.7,-1.20%
HD,4/13/2014,,,closed
HD,4/14/2014,76.3,75.97,-0.43%
HD,4/15/2014,76.29,75.89,-0.52%
HD,4/16/2014,76.42,76.58,0.21%
HD,4/17/2014,76.26,77.09,1.09%
HD,4/18/2014,,,closed
HD,4/19/2014,,,closed
HD,4/20/2014,,,closed
HD,4/21/2014,78.35,77.96,-0.50%
HD,4/22/2014,78.74,79.67,1.18%
HD,4/22/2014,78.74,79.67,1.18%
HD,4/23/2014,79.87,78.52,-1.69%
HD,4/25/2014,79.41,79.38,-0.04%
HD,4/24/2014,78.97,79.77,1.01%
HD,4/25/2014,79.41,79.38,-0.04%
HD,4/25/2014,79.41,79.38,-0.04%
HD,4/26/2014,,,closed
HD,4/27/2014,,,closed
HD,4/28/2014,79.53,80.17,0.80%
HD,4/29/2014,80.32,79.52,-1.00%
HD,4/30/2014,79.74,79.51,-0.29%
HD,5/2/2014,79.32,79.4,0.10%
HD,5/4/2014,,,closed
HD,5/6/2014,78.64,77.42,-1.55%
HD,5/5/2014,79.04,78.69,-0.44%
HD,5/6/2014,78.64,77.42,-1.55%
HD,5/6/2014,78.64,77.42,-1.55%
HD,5/9/2014,77.06,77.71,0.84%
HD,5/8/2014,76.94,77.05,0.14%
HD,5/9/2014,77.06,77.71,0.84%
HD,5/11/2014,,,closed
HD,5/12/2014,77.82,78.27,0.58%
HD,5/13/2014,78.36,77.27,-1.39%
HD,5/14/2014,77.33,76.31,-1.32%
HD,5/14/2014,77.33,76.31,-1.32%
HD,5/15/2014,76.05,76.24,0.25%
HD,5/15/2014,76.05,76.24,0.25%
HD,5/16/2014,76.79,77.36,0.74%
HD,5/17/2014,,,closed
HD,5/18/2014,,,closed
HD,5/19/2014,76.58,76.5,-0.10%
HD,5/19/2014,76.58,76.5,-0.10%
HD,5/19/2014,76.58,76.5,-0.10%
HD,5/20/2014,77.92,77.96,0.05%
HD,5/20/2014,77.92,77.96,0.05%
HD,5/20/2014,77.92,77.96,0.05%
HD,5/21/2014,78.25,78.08,-0.22%
HD,5/22/2014,77.76,78.78,1.31%
HD,5/23/2014,78.77,79.18,0.52%
HD,5/24/2014,,,closed
HD,5/26/2014,,,closed
HD,5/27/2014,79.38,79.69,0.39%
HD,5/28/2014,79.75,79.68,-0.09%
HD,5/30/2014,79.77,80.23,0.58%
HD,5/29/2014,79.88,79.9,0.03%
HD,5/29/2014,79.88,79.9,0.03%
HD,5/30/2014,79.77,80.23,0.58%
HD,5/31/2014,,,closed
HD,6/1/2014,,,closed
HD,6/1/2014,,,closed
HD,6/2/2014,80.25,80.84,0.74%
HD,6/4/2014,80.32,80.54,0.27%
HD,6/3/2014,80.19,80.67,0.60%
HD,6/4/2014,80.32,80.54,0.27%
HD,6/5/2014,80.67,80.38,-0.36%
HD,6/6/2014,80.58,80.64,0.07%
HD,6/7/2014,,,closed
HD,6/8/2014,,,closed
HD,6/10/2014,80.26,80.74,0.60%
HD,6/11/2014,80.46,79.81,-0.81%
HD,6/12/2014,79.73,78.43,-1.63%
HD,6/13/2014,78.49,78.07,-0.54%
HD,6/14/2014,,,closed
HD,6/15/2014,,,closed
HD,6/16/2014,77.96,78.9,1.21%
HD,6/17/2014,78.84,80.02,1.50%
HD,6/19/2014,80.71,80.44,-0.33%
HD,6/20/2014,80.69,80.17,-0.64%
HD,6/21/2014,,,closed
HD,6/22/2014,,,closed
HD,6/23/2014,80.16,80.64,0.60%
HD,6/24/2014,80.38,80.43,0.06%
HD,6/27/2014,80.65,81.13,0.60%
HD,6/27/2014,80.65,81.13,0.60%
HD,6/30/2014,81.02,80.96,-0.07%
HD,7/1/2014,81.32,81.82,0.61%
HD,7/2/2014,81.84,81.98,0.17%
HD,7/3/2014,82.07,82.05,-0.02%
HD,7/4/2014,,,closed
HD,7/5/2014,,,closed
HD,7/7/2014,81.73,81.42,-0.38%
HD,7/7/2014,81.73,81.42,-0.38%
HD,7/7/2014,81.73,81.42,-0.38%
HD,7/8/2014,81.42,80.76,-0.81%
HD,7/9/2014,81.11,80.73,-0.47%
HD,7/10/2014,79.05,79.4,0.44%
HD,7/10/2014,79.05,79.4,0.44%
HD,7/11/2014,79.59,79.61,0.03%
HD,7/12/2014,,,closed
HD,7/13/2014,,,closed
HD,7/14/2014,79.92,79.46,-0.58%
HD,7/15/2014,79.5,79.86,0.45%
HD,7/16/2014,80.04,79.66,-0.47%
HD,7/17/2014,79.45,79.55,0.13%
HD,7/20/2014,,,closed
HD,7/22/2014,80.36,80.54,0.22%
HD,7/24/2014,81.19,81.2,0.01%
HD,7/25/2014,81.1,81.03,-0.09%
HD,7/28/2014,81.2,81.07,-0.16%
HD,7/30/2014,81.5,81.76,0.32%
HD,7/30/2014,81.5,81.76,0.32%
HD,8/1/2014,80.56,79.75,-1.01%
HD,8/2/2014,,,closed
HD,8/5/2014,79.78,80.03,0.31%
HD,8/7/2014,80.75,80.47,-0.35%
HD,8/6/2014,79.94,80.52,0.73%
HD,8/7/2014,80.75,80.47,-0.35%
HD,8/8/2014,81.07,82.43,1.68%
HD,8/9/2014,,,closed
HD,8/10/2014,,,closed
HD,8/11/2014,82.61,82.88,0.33%
HD,8/12/2014,82.75,82.92,0.21%
HD,8/12/2014,82.75,82.92,0.21%
HD,8/13/2014,82.98,83.12,0.17%
HD,8/13/2014,82.98,83.12,0.17%
HD,8/14/2014,83.09,83.86,0.93%
HD,8/15/2014,84.035,83.69,-0.41%
HD,8/16/2014,,,closed
HD,8/17/2014,,,closed
HD,8/18/2014,84.21,83.59,-0.74%
HD,8/19/2014,86.9,88.23,1.53%
HD,8/19/2014,86.9,88.23,1.53%
HD,8/19/2014,86.9,88.23,1.53%
HD,8/20/2014,88.17,90.75,2.93%
HD,8/20/2014,88.17,90.75,2.93%
HD,8/22/2014,90.74,91.03,0.32%
HD,8/21/2014,90.68,91.15,0.52%
HD,8/22/2014,90.74,91.03,0.32%
HD,8/24/2014,,,closed
HD,8/25/2014,91.25,91.2,-0.05%
HD,1/7/2014,81.31,81.5,0.23%
HD,1/7/2014,81.31,81.5,0.23%
HD,1/2/2014,82.11,82.02,-0.11%
HD,1/3/2014,81.91,81.89,-0.02%
HD,1/2/2014,82.11,82.02,-0.11%
HD,1/3/2014,81.91,81.89,-0.02%
HD,1/2/2014,82.11,82.02,-0.11%
HD,1/9/2014,81.9,81.57,-0.40%
HD,1/9/2014,81.9,81.57,-0.40%
HD,1/10/2014,81.72,82.01,0.35%
HD,1/11/2014,,,closed
HD,1/13/2014,81.61,80.97,-0.78%
HD,1/15/2014,80.85,81.07,0.27%
HD,1/15/2014,80.85,81.07,0.27%
HD,1/17/2014,81.32,81,-0.39%
HD,1/17/2014,81.32,81,-0.39%
HD,1/16/2014,80.9,81.26,0.44%
HD,1/16/2014,80.9,81.26,0.44%
HD,1/16/2014,80.9,81.26,0.44%
HD,1/17/2014,81.32,81,-0.39%
HD,1/17/2014,81.32,81,-0.39%
HD,1/17/2014,81.32,81,-0.39%
HD,1/18/2014,,,closed
HD,1/17/2014,81.32,81,-0.39%
HD,1/17/2014,81.32,81,-0.39%
HD,1/18/2014,,,closed
HD,1/18/2014,,,closed
HD,1/20/2014,,,closed
HD,1/22/2014,80.66,80.2,-0.57%
HD,1/23/2014,79.62,80.24,0.78%
HD,1/24/2014,79.61,79.16,-0.57%
HD,1/23/2014,79.62,80.24,0.78%
HD,1/23/2014,79.62,80.24,0.78%
HD,1/23/2014,79.62,80.24,0.78%
HD,1/24/2014,79.61,79.16,-0.57%
HD,1/24/2014,79.61,79.16,-0.57%
HD,1/24/2014,79.61,79.16,-0.57%
HD,1/25/2014,,,closed
HD,1/27/2014,78.86,78.94,0.10%
HD,1/28/2014,78.42,78.54,0.15%
HD,1/29/2014,78.28,76.68,-2.04%
HD,1/30/2014,77.23,76.93,-0.39%
HD,2/1/2014,,,closed
HD,2/3/2014,76.64,75.09,-2.02%
HD,2/5/2014,74.73,75.26,0.71%
HD,2/4/2014,75.51,74.97,-0.72%
HD,2/5/2014,74.73,75.26,0.71%
HD,2/5/2014,74.73,75.26,0.71%
HD,2/7/2014,76.17,76.45,0.37%
HD,2/6/2014,75.19,76.16,1.29%
HD,2/8/2014,,,closed
HD,2/11/2014,76.44,76.7,0.34%
HD,2/12/2014,76.91,77.28,0.48%
HD,2/12/2014,76.91,77.28,0.48%
HD,2/12/2014,76.91,77.28,0.48%
HD,2/12/2014,76.91,77.28,0.48%
HD,2/12/2014,76.91,77.28,0.48%
HD,2/13/2014,77.34,77.59,0.32%
HD,2/13/2014,77.34,77.59,0.32%
HD,2/14/2014,77.75,77.93,0.23%
HD,2/13/2014,77.34,77.59,0.32%
HD,2/14/2014,77.75,77.93,0.23%
HD,2/14/2014,77.75,77.93,0.23%
HD,2/15/2014,,,closed
HD,2/16/2014,,,closed
HD,2/18/2014,77.92,77.57,-0.45%
HD,2/19/2014,77.25,76.45,-1.04%
HD,2/20/2014,76.59,77.48,1.16%
HD,2/20/2014,76.59,77.48,1.16%
HD,2/19/2014,77.25,76.45,-1.04%
HD,2/21/2014,77.36,77.74,0.49%
HD,2/20/2014,76.59,77.48,1.16%
HD,2/20/2014,76.59,77.48,1.16%
HD,2/21/2014,77.36,77.74,0.49%
HD,2/20/2014,76.59,77.48,1.16%
HD,2/20/2014,76.59,77.48,1.16%
HD,2/21/2014,77.36,77.74,0.49%
HD,2/21/2014,77.36,77.74,0.49%
HD,2/23/2014,,,closed
HD,2/24/2014,77.84,77.87,0.04%
HD,2/25/2014,79.68,80.98,1.63%
HD,2/25/2014,79.68,80.98,1.63%
HD,2/25/2014,79.68,80.98,1.63%
HD,2/25/2014,79.68,80.98,1.63%
HD,2/25/2014,79.68,80.98,1.63%
HD,2/25/2014,79.68,80.98,1.63%
HD,2/25/2014,79.68,80.98,1.63%
HD,2/25/2014,79.68,80.98,1.63%
HD,2/25/2014,79.68,80.98,1.63%
HD,2/25/2014,79.68,80.98,1.63%
HD,2/25/2014,79.68,80.98,1.63%
HD,2/25/2014,79.68,80.98,1.63%
HD,2/25/2014,79.68,80.98,1.63%
HD,2/25/2014,79.68,80.98,1.63%
HD,2/25/2014,79.68,80.98,1.63%
HD,2/26/2014,80.99,81.7,0.88%
HD,2/26/2014,80.99,81.7,0.88%
HD,2/27/2014,81.66,81.97,0.38%
HD,2/28/2014,81.89,82.03,0.17%
HD,2/28/2014,81.89,82.03,0.17%
HD,2/28/2014,81.89,82.03,0.17%
HD,2/28/2014,81.89,82.03,0.17%
HD,2/28/2014,81.89,82.03,0.17%
HD,3/2/2014,,,closed
HD,3/2/2014,,,closed
HD,3/3/2014,80.73,82,1.57%
HD,3/5/2014,82.91,82.91,0.00%
HD,3/4/2014,82.89,82.87,-0.02%
HD,3/6/2014,82.78,82.41,-0.45%
HD,3/5/2014,82.91,82.91,0.00%
HD,3/6/2014,82.78,82.41,-0.45%
HD,3/8/2014,,,closed
HD,3/10/2014,82.44,82.18,-0.32%
HD,3/12/2014,80.73,80.56,-0.21%
HD,3/13/2014,81.06,78.8,-2.79%
HD,3/14/2014,78.82,79.38,0.71%
HD,3/15/2014,,,closed
HD,3/17/2014,79.57,79.58,0.01%
HD,3/19/2014,79.97,79.75,-0.28%
HD,3/18/2014,79.65,79.82,0.21%
HD,3/19/2014,79.97,79.75,-0.28%
HD,3/20/2014,79.71,80.09,0.48%
HD,3/21/2014,80.78,80.42,-0.45%
HD,3/24/2014,80.41,79.66,-0.93%
HD,3/26/2014,79.49,78.87,-0.78%
HD,3/27/2014,78.63,78.68,0.06%
HD,3/28/2014,78.92,78.72,-0.25%
HD,3/29/2014,,,closed
HD,3/29/2014,,,closed
HD,3/31/2014,79.21,79.13,-0.10%
HD,4/2/2014,79.54,79.95,0.52%
HD,4/1/2014,79.24,79.38,0.18%
HD,4/1/2014,79.24,79.38,0.18%
HD,4/2/2014,79.54,79.95,0.52%
HD,4/3/2014,79.95,79.4,-0.69%
HD,4/4/2014,79.64,78.72,-1.16%
HD,4/5/2014,,,closed
HD,4/6/2014,,,closed
HD,4/7/2014,78.69,77.13,-1.98%
HD,4/7/2014,78.69,77.13,-1.98%
HD,4/8/2014,76.91,77.11,0.26%
HD,4/9/2014,77.24,77.76,0.67%
HD,4/11/2014,76.62,75.7,-1.20%
HD,4/10/2014,77.62,76.78,-1.08%
HD,4/11/2014,76.62,75.7,-1.20%
HD,4/12/2014,,,closed
HD,4/14/2014,76.3,75.97,-0.43%
HD,4/15/2014,76.29,75.89,-0.52%
HD,4/16/2014,76.42,76.58,0.21%
HD,4/17/2014,76.26,77.09,1.09%
HD,4/18/2014,,,closed
HD,4/22/2014,78.74,79.67,1.18%
HD,4/22/2014,78.74,79.67,1.18%
HD,4/23/2014,79.87,78.52,-1.69%
HD,4/24/2014,78.97,79.77,1.01%
HD,4/25/2014,79.41,79.38,-0.04%
HD,4/26/2014,,,closed
HD,4/29/2014,80.32,79.52,-1.00%
HD,5/1/2014,79.51,79.33,-0.23%
HD,4/30/2014,79.74,79.51,-0.29%
HD,5/1/2014,79.51,79.33,-0.23%
HD,5/3/2014,,,closed
HD,5/6/2014,78.64,77.42,-1.55%
HD,5/6/2014,78.64,77.42,-1.55%
HD,5/7/2014,77.85,77.08,-0.99%
HD,5/8/2014,76.94,77.05,0.14%
HD,5/8/2014,76.94,77.05,0.14%
HD,5/8/2014,76.94,77.05,0.14%
HD,5/9/2014,77.06,77.71,0.84%
HD,5/10/2014,,,closed
HD,5/13/2014,78.36,77.27,-1.39%
HD,5/14/2014,77.33,76.31,-1.32%
HD,5/15/2014,76.05,76.24,0.25%
HD,5/15/2014,76.05,76.24,0.25%
HD,5/16/2014,76.79,77.36,0.74%
HD,5/17/2014,,,closed
HD,5/18/2014,,,closed
HD,5/19/2014,76.58,76.5,-0.10%
HD,5/19/2014,76.58,76.5,-0.10%
HD,5/20/2014,77.92,77.96,0.05%
HD,5/19/2014,76.58,76.5,-0.10%
HD,5/20/2014,77.92,77.96,0.05%
HD,5/20/2014,77.92,77.96,0.05%
HD,5/20/2014,77.92,77.96,0.05%
HD,5/20/2014,77.92,77.96,0.05%
HD,5/21/2014,78.25,78.08,-0.22%
HD,5/20/2014,77.92,77.96,0.05%
HD,5/21/2014,78.25,78.08,-0.22%
HD,5/21/2014,78.25,78.08,-0.22%
HD,5/21/2014,78.25,78.08,-0.22%
HD,5/22/2014,77.76,78.78,1.31%
HD,5/22/2014,77.76,78.78,1.31%
HD,5/23/2014,78.77,79.18,0.52%
HD,5/23/2014,78.77,79.18,0.52%
HD,5/24/2014,,,closed
HD,5/28/2014,79.75,79.68,-0.09%
HD,5/28/2014,79.75,79.68,-0.09%
HD,5/29/2014,79.88,79.9,0.03%
HD,5/30/2014,79.77,80.23,0.58%
HD,5/31/2014,,,closed
HD,5/30/2014,79.77,80.23,0.58%
HD,5/31/2014,,,closed
HD,6/2/2014,80.25,80.84,0.74%
HD,6/3/2014,80.19,80.67,0.60%
HD,6/4/2014,80.32,80.54,0.27%
HD,6/5/2014,80.67,80.38,-0.36%
HD,6/7/2014,,,closed
HD,6/10/2014,80.26,80.74,0.60%
HD,6/10/2014,80.26,80.74,0.60%
HD,6/11/2014,80.46,79.81,-0.81%
HD,6/12/2014,79.73,78.43,-1.63%
HD,6/15/2014,,,closed
HD,6/16/2014,77.96,78.9,1.21%
HD,6/17/2014,78.84,80.02,1.50%
HD,6/18/2014,80.03,80.71,0.85%
HD,6/19/2014,80.71,80.44,-0.33%
HD,6/20/2014,80.69,80.17,-0.64%
HD,6/22/2014,,,closed
HD,6/25/2014,80.36,80.53,0.21%
HD,6/26/2014,80.45,80.75,0.37%
HD,6/29/2014,,,closed
HD,7/1/2014,81.32,81.82,0.61%
HD,7/2/2014,81.84,81.98,0.17%
HD,7/3/2014,82.07,82.05,-0.02%
HD,7/3/2014,82.07,82.05,-0.02%
HD,7/4/2014,,,closed
HD,7/8/2014,81.42,80.76,-0.81%
HD,7/8/2014,81.42,80.76,-0.81%
HD,7/9/2014,81.11,80.73,-0.47%
HD,7/11/2014,79.59,79.61,0.03%
HD,7/11/2014,79.59,79.61,0.03%
HD,7/10/2014,79.05,79.4,0.44%
HD,7/11/2014,79.59,79.61,0.03%
HD,7/12/2014,,,closed
HD,7/13/2014,,,closed
HD,7/14/2014,79.92,79.46,-0.58%
HD,7/14/2014,79.92,79.46,-0.58%
HD,7/15/2014,79.5,79.86,0.45%
HD,7/16/2014,80.04,79.66,-0.47%
HD,7/15/2014,79.5,79.86,0.45%
HD,7/16/2014,80.04,79.66,-0.47%
HD,7/17/2014,79.45,79.55,0.13%
HD,7/18/2014,79.8,80.08,0.35%
HD,7/21/2014,80.01,79.71,-0.37%
HD,7/23/2014,80.46,81.02,0.70%
HD,7/23/2014,80.46,81.02,0.70%
HD,7/24/2014,81.19,81.2,0.01%
HD,7/25/2014,81.1,81.03,-0.09%
HD,7/29/2014,81.21,80.98,-0.28%
HD,7/30/2014,81.5,81.76,0.32%
HD,7/30/2014,81.5,81.76,0.32%
HD,8/1/2014,80.56,79.75,-1.01%
HD,8/2/2014,,,closed
HD,8/4/2014,79.7,80.03,0.41%
HD,8/5/2014,79.78,80.03,0.31%
HD,8/6/2014,79.94,80.52,0.73%
HD,8/6/2014,79.94,80.52,0.73%
HD,8/5/2014,79.78,80.03,0.31%
HD,8/5/2014,79.78,80.03,0.31%
HD,8/6/2014,79.94,80.52,0.73%
HD,8/7/2014,80.75,80.47,-0.35%
HD,8/8/2014,81.07,82.43,1.68%
HD,8/10/2014,,,closed
HD,8/11/2014,82.61,82.88,0.33%
HD,7/30/2014,81.5,81.76,0.32%
HD,7/31/2014,81.09,80.85,-0.30%
HD,8/12/2014,82.75,82.92,0.21%
HD,8/13/2014,82.98,83.12,0.17%
HD,8/14/2014,83.09,83.86,0.93%
HD,8/15/2014,84.035,83.69,-0.41%
HD,8/17/2014,,,closed
HD,8/19/2014,86.9,88.23,1.53%
HD,8/18/2014,84.21,83.59,-0.74%
HD,8/19/2014,86.9,88.23,1.53%
HD,8/19/2014,86.9,88.23,1.53%
HD,8/19/2014,86.9,88.23,1.53%
HD,8/19/2014,86.9,88.23,1.53%
HD,8/20/2014,88.17,90.75,2.93%
HD,8/19/2014,86.9,88.23,1.53%
HD,8/20/2014,88.17,90.75,2.93%
HD,8/20/2014,88.17,90.75,2.93%
HD,8/21/2014,90.68,91.15,0.52%
HD,8/21/2014,90.68,91.15,0.52%
HD,8/21/2014,90.68,91.15,0.52%
HD,8/21/2014,90.68,91.15,0.52%
HD,8/21/2014,90.68,91.15,0.52%
HD,8/22/2014,90.74,91.03,0.32%
HD,8/21/2014,90.68,91.15,0.52%
HD,8/21/2014,90.68,91.15,0.52%
HD,8/21/2014,90.68,91.15,0.52%
HD,8/21/2014,90.68,91.15,0.52%
HD,8/21/2014,90.68,91.15,0.52%
HD,8/21/2014,90.68,91.15,0.52%
HD,8/21/2014,90.68,91.15,0.52%
HD,8/22/2014,90.74,91.03,0.32%
HD,8/23/2014,,,closed
HD,8/24/2014,,,closed
HD,8/23/2014,,,closed
HD,8/24/2014,,,closed
HD,8/25/2014,91.25,91.2,-0.05%
HD,1/10/2015,,,closed
HD,1/9/2015,106.88,104.89,-1.86%
HD,1/10/2015,,,closed
HD,1/10/2015,,,closed
HD,1/10/2015,,,closed
HD,8/25/2014,91.25,91.2,-0.05%
HD,8/26/2014,90.98,91.63,0.71%
HD,8/27/2014,91.68,91.87,0.21%
HD,8/28/2014,91.4,92.51,1.21%
HD,8/29/2014,92.74,93.5,0.82%
HD,8/31/2014,,,closed
HD,9/1/2014,,,closed
HD,9/2/2014,93.04,91.15,-2.03%
HD,9/3/2014,91.11,89,-2.32%
HD,9/2/2014,93.04,91.15,-2.03%
HD,9/3/2014,91.11,89,-2.32%
HD,9/2/2014,93.04,91.15,-2.03%
HD,9/3/2014,91.11,89,-2.32%
HD,9/2/2014,93.04,91.15,-2.03%
HD,9/3/2014,91.11,89,-2.32%
HD,9/4/2014,89,89.93,1.04%
HD,9/3/2014,91.11,89,-2.32%
HD,9/4/2014,89,89.93,1.04%
HD,9/3/2014,91.11,89,-2.32%
HD,9/4/2014,89,89.93,1.04%
HD,9/3/2014,91.11,89,-2.32%
HD,9/4/2014,89,89.93,1.04%
HD,9/3/2014,91.11,89,-2.32%
HD,9/4/2014,89,89.93,1.04%
HD,9/5/2014,89.66,91.61,2.17%
HD,9/4/2014,89,89.93,1.04%
HD,9/5/2014,89.66,91.61,2.17%
HD,9/4/2014,89,89.93,1.04%
HD,9/5/2014,89.66,91.61,2.17%
HD,9/4/2014,89,89.93,1.04%
HD,9/5/2014,89.66,91.61,2.17%
HD,9/6/2014,,,closed
HD,9/6/2014,,,closed
HD,9/5/2014,89.66,91.61,2.17%
HD,9/6/2014,,,closed
HD,9/5/2014,89.66,91.61,2.17%
HD,9/6/2014,,,closed
HD,9/5/2014,89.66,91.61,2.17%
HD,9/6/2014,,,closed
HD,9/7/2014,,,closed
HD,9/6/2014,,,closed
HD,9/7/2014,,,closed
HD,9/6/2014,,,closed
HD,9/8/2014,91.38,90.82,-0.61%
HD,9/7/2014,,,closed
HD,9/8/2014,91.38,90.82,-0.61%
HD,9/9/2014,90.21,88.93,-1.42%
HD,9/8/2014,91.38,90.82,-0.61%
HD,9/9/2014,90.21,88.93,-1.42%
HD,9/8/2014,91.38,90.82,-0.61%
HD,9/9/2014,90.21,88.93,-1.42%
HD,9/8/2014,91.38,90.82,-0.61%
HD,9/9/2014,90.21,88.93,-1.42%
HD,9/8/2014,91.38,90.82,-0.61%
HD,9/9/2014,90.21,88.93,-1.42%
HD,9/10/2014,88.66,89.25,0.67%
HD,9/9/2014,90.21,88.93,-1.42%
HD,9/10/2014,88.66,89.25,0.67%
HD,9/9/2014,90.21,88.93,-1.42%
HD,9/10/2014,88.66,89.25,0.67%
HD,9/9/2014,90.21,88.93,-1.42%
HD,9/10/2014,88.66,89.25,0.67%
HD,9/11/2014,89.07,89.22,0.17%
HD,9/10/2014,88.66,89.25,0.67%
HD,9/11/2014,89.07,89.22,0.17%
HD,9/10/2014,88.66,89.25,0.67%
HD,9/11/2014,89.07,89.22,0.17%
HD,9/10/2014,88.66,89.25,0.67%
HD,9/11/2014,89.07,89.22,0.17%
HD,9/12/2014,89.38,88.84,-0.60%
HD,9/11/2014,89.07,89.22,0.17%
HD,9/12/2014,89.38,88.84,-0.60%
HD,9/11/2014,89.07,89.22,0.17%
HD,9/12/2014,89.38,88.84,-0.60%
HD,9/11/2014,89.07,89.22,0.17%
HD,9/12/2014,89.38,88.84,-0.60%
HD,9/13/2014,,,closed
HD,9/12/2014,89.38,88.84,-0.60%
HD,9/13/2014,,,closed
HD,9/12/2014,89.38,88.84,-0.60%
HD,9/12/2014,89.38,88.84,-0.60%
HD,9/13/2014,,,closed
HD,9/12/2014,89.38,88.84,-0.60%
HD,9/13/2014,,,closed
HD,9/14/2014,,,closed
HD,9/13/2014,,,closed
HD,9/14/2014,,,closed
HD,9/15/2014,89.18,89.38,0.22%
HD,9/14/2014,,,closed
HD,9/15/2014,89.18,89.38,0.22%
HD,9/16/2014,89.27,90.27,1.12%
HD,9/15/2014,89.18,89.38,0.22%
HD,9/16/2014,89.27,90.27,1.12%
HD,9/15/2014,89.18,89.38,0.22%
HD,9/16/2014,89.27,90.27,1.12%
HD,9/17/2014,90.63,91.22,0.65%
HD,9/16/2014,89.27,90.27,1.12%
HD,9/17/2014,90.63,91.22,0.65%
HD,9/16/2014,89.27,90.27,1.12%
HD,9/17/2014,90.63,91.22,0.65%
HD,9/16/2014,89.27,90.27,1.12%
HD,9/17/2014,90.63,91.22,0.65%
HD,9/18/2014,91.83,92.09,0.28%
HD,9/17/2014,90.63,91.22,0.65%
HD,9/18/2014,91.83,92.09,0.28%
HD,9/19/2014,92.85,92.34,-0.55%
HD,9/20/2014,,,closed
HD,9/21/2014,,,closed
HD,9/22/2014,91.98,91.89,-0.10%
HD,9/22/2014,91.98,91.89,-0.10%
HD,9/23/2014,91.79,91.49,-0.33%
HD,9/24/2014,91.68,93.02,1.46%
HD,9/25/2014,92.8,91.9,-0.97%
HD,9/26/2014,92.29,92.84,0.60%
HD,9/25/2014,92.8,91.9,-0.97%
HD,9/26/2014,92.29,92.84,0.60%
HD,9/27/2014,,,closed
HD,9/28/2014,,,closed
HD,9/29/2014,92.37,92.88,0.55%
HD,9/29/2014,92.37,92.88,0.55%
HD,9/30/2014,93.03,91.74,-1.39%
HD,10/1/2014,92.14,91.02,-1.22%
HD,10/2/2014,91.31,92.24,1.02%
HD,10/1/2014,92.14,91.02,-1.22%
HD,10/2/2014,91.31,92.24,1.02%
HD,10/3/2014,92.52,93.54,1.10%
HD,10/6/2014,93.72,93.26,-0.49%
HD,10/7/2014,93.04,92.47,-0.61%
HD,10/8/2014,92.57,94.09,1.64%
HD,10/9/2014,93.91,93.07,-0.89%
HD,10/8/2014,92.57,94.09,1.64%
HD,10/9/2014,93.91,93.07,-0.89%
HD,10/10/2014,93.23,92.55,-0.73%
HD,10/11/2014,,,closed
HD,10/11/2014,,,closed
HD,10/11/2014,,,closed
HD,10/10/2014,93.23,92.55,-0.73%
HD,10/11/2014,,,closed
HD,10/12/2014,,,closed
HD,10/12/2014,,,closed
HD,10/13/2014,92.88,90.6,-2.45%
HD,10/14/2014,90.37,90.1,-0.30%
HD,10/13/2014,92.88,90.6,-2.45%
HD,10/14/2014,90.37,90.1,-0.30%
HD,10/15/2014,88.09,87.85,-0.27%
HD,10/14/2014,90.37,90.1,-0.30%
HD,10/15/2014,88.09,87.85,-0.27%
HD,10/16/2014,86.35,88.88,2.93%
HD,10/17/2014,89.3,90.24,1.05%
HD,10/17/2014,89.3,90.24,1.05%
HD,10/19/2014,,,closed
HD,10/20/2014,89.87,91.85,2.20%
HD,10/21/2014,92.53,94.2,1.80%
HD,10/23/2014,94.5,94.8,0.32%
HD,10/23/2014,94.5,94.8,0.32%
HD,10/24/2014,94.6,94.99,0.41%
HD,10/26/2014,,,closed
HD,10/27/2014,94.96,95.47,0.54%
HD,10/28/2014,95.91,96.59,0.71%
HD,10/27/2014,94.96,95.47,0.54%
HD,10/27/2014,94.96,95.47,0.54%
HD,10/29/2014,96.62,96.42,-0.21%
HD,10/30/2014,96.12,97.52,1.46%
HD,10/31/2014,98.78,97.52,-1.28%
HD,10/30/2014,96.12,97.52,1.46%
HD,10/30/2014,96.12,97.52,1.46%
HD,10/31/2014,98.78,97.52,-1.28%
HD,11/1/2014,,,closed
HD,11/1/2014,,,closed
HD,11/2/2014,,,closed
HD,11/3/2014,96.81,96.09,-0.74%
HD,11/4/2014,96.06,95.96,-0.10%
HD,11/5/2014,96.59,95.78,-0.84%
HD,11/4/2014,96.06,95.96,-0.10%
HD,11/5/2014,96.59,95.78,-0.84%
HD,11/5/2014,96.59,95.78,-0.84%
HD,11/6/2014,96.35,97.29,0.98%
HD,11/6/2014,96.35,97.29,0.98%
HD,11/7/2014,97.17,97.65,0.49%
HD,11/6/2014,96.35,97.29,0.98%
HD,11/7/2014,97.17,97.65,0.49%
HD,11/8/2014,,,closed
HD,11/7/2014,97.17,97.65,0.49%
HD,11/8/2014,,,closed
HD,11/7/2014,97.17,97.65,0.49%
HD,11/8/2014,,,closed
HD,11/9/2014,,,closed
HD,11/8/2014,,,closed
HD,11/9/2014,,,closed
HD,11/8/2014,,,closed
HD,11/9/2014,,,closed
HD,11/8/2014,,,closed
HD,11/9/2014,,,closed
HD,11/10/2014,97.64,98.16,0.53%
HD,11/9/2014,,,closed
HD,11/10/2014,97.64,98.16,0.53%
HD,11/9/2014,,,closed
HD,11/10/2014,97.64,98.16,0.53%
HD,11/11/2014,98.46,98.14,-0.33%
HD,11/10/2014,97.64,98.16,0.53%
HD,11/11/2014,98.46,98.14,-0.33%
HD,11/10/2014,97.64,98.16,0.53%
HD,11/11/2014,98.46,98.14,-0.33%
HD,11/12/2014,98.3,98.49,0.19%
HD,11/13/2014,98.9,99,0.10%
HD,11/12/2014,98.3,98.49,0.19%
HD,11/12/2014,98.3,98.49,0.19%
HD,11/13/2014,98.9,99,0.10%
HD,11/13/2014,98.9,99,0.10%
HD,11/14/2014,98.9,98.24,-0.67%
HD,11/15/2014,,,closed
HD,11/16/2014,,,closed
HD,11/17/2014,98.17,98.03,-0.14%
HD,11/18/2014,97.15,95.98,-1.20%
HD,11/18/2014,97.15,95.98,-1.20%
HD,11/17/2014,98.17,98.03,-0.14%
HD,11/19/2014,96.55,96.7,0.16%
HD,11/18/2014,97.15,95.98,-1.20%
HD,11/19/2014,96.55,96.7,0.16%
HD,11/18/2014,97.15,95.98,-1.20%
HD,11/19/2014,96.55,96.7,0.16%
HD,11/18/2014,97.15,95.98,-1.20%
HD,11/19/2014,96.55,96.7,0.16%
HD,11/18/2014,97.15,95.98,-1.20%
HD,11/19/2014,96.55,96.7,0.16%
HD,11/18/2014,97.15,95.98,-1.20%
HD,11/19/2014,96.55,96.7,0.16%
HD,11/20/2014,96.08,97.57,1.55%
HD,11/19/2014,96.55,96.7,0.16%
HD,11/20/2014,96.08,97.57,1.55%
HD,11/19/2014,96.55,96.7,0.16%
HD,11/20/2014,96.08,97.57,1.55%
HD,11/21/2014,98.98,98.28,-0.71%
HD,11/20/2014,96.08,97.57,1.55%
HD,11/21/2014,98.98,98.28,-0.71%
HD,11/20/2014,96.08,97.57,1.55%
HD,11/21/2014,98.98,98.28,-0.71%
HD,11/22/2014,,,closed
HD,11/23/2014,,,closed
HD,11/24/2014,98.68,98.4,-0.28%
HD,11/25/2014,98.64,97.01,-1.65%
HD,11/25/2014,98.64,97.01,-1.65%
HD,11/26/2014,97.06,97.7,0.66%
HD,11/25/2014,98.64,97.01,-1.65%
HD,11/26/2014,97.06,97.7,0.66%
HD,11/26/2014,97.06,97.7,0.66%
HD,11/27/2014,,,closed
HD,11/26/2014,97.06,97.7,0.66%
HD,11/28/2014,98.06,99.4,1.37%
HD,11/29/2014,,,closed
HD,11/30/2014,,,closed
HD,12/1/2014,99.49,98.88,-0.61%
HD,12/2/2014,98.62,98.16,-0.47%
HD,12/2/2014,98.62,98.16,-0.47%
HD,12/3/2014,98.1,98.59,0.50%
HD,12/2/2014,98.62,98.16,-0.47%
HD,12/3/2014,98.1,98.59,0.50%
HD,12/3/2014,98.1,98.59,0.50%
HD,12/4/2014,98.15,98.95,0.82%
HD,12/5/2014,98.77,99.64,0.88%
HD,12/5/2014,98.77,99.64,0.88%
HD,12/6/2014,,,closed
HD,12/7/2014,,,closed
HD,12/8/2014,99.71,100.43,0.72%
HD,12/9/2014,99.69,99.64,-0.05%
HD,12/10/2014,99.36,98.94,-0.42%
HD,12/11/2014,99.28,100.27,1.00%
HD,12/10/2014,99.36,98.94,-0.42%
HD,12/11/2014,99.28,100.27,1.00%
HD,12/10/2014,99.36,98.94,-0.42%
HD,12/11/2014,99.28,100.27,1.00%
HD,12/10/2014,99.36,98.94,-0.42%
HD,12/12/2014,99.69,99.78,0.09%
HD,12/12/2014,99.69,99.78,0.09%
HD,12/11/2014,99.28,100.27,1.00%
HD,12/12/2014,99.69,99.78,0.09%
HD,12/13/2014,,,closed
HD,12/13/2014,,,closed
HD,12/14/2014,,,closed
HD,12/15/2014,100.01,100.05,0.04%
HD,12/16/2014,99.38,97.06,-2.33%
HD,12/15/2014,100.01,100.05,0.04%
HD,12/16/2014,99.38,97.06,-2.33%
HD,12/16/2014,99.38,97.06,-2.33%
HD,12/18/2014,100.34,100.67,0.33%
HD,12/17/2014,97.59,98.94,1.38%
HD,12/19/2014,100.92,101.93,1.00%
HD,12/20/2014,,,closed
HD,12/21/2014,,,closed
HD,12/22/2014,102.25,103.5,1.22%
HD,12/22/2014,102.25,103.5,1.22%
HD,12/23/2014,103.66,103.76,0.10%
HD,12/24/2014,104.05,103.56,-0.47%
HD,12/24/2014,104.05,103.56,-0.47%
HD,12/25/2014,,,closed
HD,12/25/2014,,,closed
HD,12/24/2014,104.05,103.56,-0.47%
HD,12/25/2014,,,closed
HD,12/26/2014,103.98,103.75,-0.22%
HD,12/27/2014,,,closed
HD,12/28/2014,,,closed
HD,12/30/2014,104.44,104.27,-0.16%
HD,12/31/2014,104.75,104.97,0.21%
HD,1/6/2015,102.07,100.95,-1.10%
HD,1/6/2015,102.07,100.95,-1.10%
HD,1/8/2015,105.37,106.72,1.28%
HD,1/9/2015,106.88,104.89,-1.86%
HD,3/4/2015,115.39,114.76,-0.55%
HD,2/1/2015,,,closed
HD,2/2/2015,104.78,104.43,-0.33%
HD,2/3/2015,104.89,107.24,2.24%
HD,2/4/2015,107.09,108.41,1.23%
HD,2/5/2015,108.98,108.99,0.01%
HD,2/6/2015,109.28,109.04,-0.22%
HD,2/7/2015,,,closed
HD,2/11/2015,110.6,110.31,-0.26%
HD,2/7/2015,,,closed
HD,2/10/2015,108.79,110.67,1.73%
HD,2/7/2015,,,closed
HD,2/8/2015,,,closed
HD,2/10/2015,108.79,110.67,1.73%
HD,2/7/2015,,,closed
HD,2/10/2015,108.79,110.67,1.73%
HD,2/10/2015,108.79,110.67,1.73%
HD,2/10/2015,108.79,110.67,1.73%
HD,2/11/2015,110.6,110.31,-0.26%
HD,2/10/2015,108.79,110.67,1.73%
HD,2/10/2015,108.79,110.67,1.73%
HD,2/10/2015,108.79,110.67,1.73%
HD,2/10/2015,108.79,110.67,1.73%
HD,2/7/2015,,,closed
HD,2/9/2015,108.88,108.34,-0.50%
HD,2/10/2015,108.79,110.67,1.73%
HD,2/8/2015,,,closed
HD,2/11/2015,110.6,110.31,-0.26%
HD,2/7/2015,,,closed
HD,2/10/2015,108.79,110.67,1.73%
HD,2/8/2015,,,closed
HD,2/11/2015,110.6,110.31,-0.26%
HD,2/10/2015,108.79,110.67,1.73%
HD,2/7/2015,,,closed
HD,2/11/2015,110.6,110.31,-0.26%
HD,2/10/2015,108.79,110.67,1.73%
HD,2/7/2015,,,closed
HD,2/11/2015,110.6,110.31,-0.26%
HD,2/10/2015,108.79,110.67,1.73%
HD,2/10/2015,108.79,110.67,1.73%
HD,2/7/2015,,,closed
HD,2/10/2015,108.79,110.67,1.73%
HD,2/10/2015,108.79,110.67,1.73%
HD,2/7/2015,,,closed
HD,2/8/2015,,,closed
HD,2/8/2015,,,closed
HD,2/7/2015,,,closed
HD,2/11/2015,110.6,110.31,-0.26%
HD,2/11/2015,110.6,110.31,-0.26%
HD,2/8/2015,,,closed
HD,2/10/2015,108.79,110.67,1.73%
HD,2/10/2015,108.79,110.67,1.73%
HD,2/10/2015,108.79,110.67,1.73%
HD,2/10/2015,108.79,110.67,1.73%
HD,2/7/2015,,,closed
HD,2/10/2015,108.79,110.67,1.73%
HD,2/7/2015,,,closed
HD,2/11/2015,110.6,110.31,-0.26%
HD,2/10/2015,108.79,110.67,1.73%
HD,2/10/2015,108.79,110.67,1.73%
HD,2/11/2015,110.6,110.31,-0.26%
HD,2/11/2015,110.6,110.31,-0.26%
HD,2/8/2015,,,closed
HD,2/10/2015,108.79,110.67,1.73%
HD,2/7/2015,,,closed
HD,2/11/2015,110.6,110.31,-0.26%
HD,2/10/2015,108.79,110.67,1.73%
HD,2/11/2015,110.6,110.31,-0.26%
HD,2/10/2015,108.79,110.67,1.73%
HD,2/10/2015,108.79,110.67,1.73%
HD,2/10/2015,108.79,110.67,1.73%
HD,2/11/2015,110.6,110.31,-0.26%
HD,2/10/2015,108.79,110.67,1.73%
HD,2/7/2015,,,closed
HD,2/11/2015,110.6,110.31,-0.26%
HD,2/10/2015,108.79,110.67,1.73%
HD,2/10/2015,108.79,110.67,1.73%
HD,2/9/2015,108.88,108.34,-0.50%
HD,2/7/2015,,,closed
HD,2/10/2015,108.79,110.67,1.73%
HD,2/11/2015,110.6,110.31,-0.26%
HD,2/11/2015,110.6,110.31,-0.26%
HD,2/6/2015,109.28,109.04,-0.22%
HD,2/8/2015,,,closed
HD,2/8/2015,,,closed
HD,2/7/2015,,,closed
HD,2/7/2015,,,closed
HD,2/11/2015,110.6,110.31,-0.26%
HD,2/10/2015,108.79,110.67,1.73%
HD,2/10/2015,108.79,110.67,1.73%
HD,2/10/2015,108.79,110.67,1.73%
HD,2/7/2015,,,closed
HD,2/10/2015,108.79,110.67,1.73%
HD,2/11/2015,110.6,110.31,-0.26%
HD,2/7/2015,,,closed
HD,2/10/2015,108.79,110.67,1.73%
HD,2/11/2015,110.6,110.31,-0.26%
HD,2/7/2015,,,closed
HD,2/10/2015,108.79,110.67,1.73%
HD,2/10/2015,108.79,110.67,1.73%
HD,2/8/2015,,,closed
HD,2/8/2015,,,closed
HD,2/7/2015,,,closed
HD,2/11/2015,110.6,110.31,-0.26%
HD,2/10/2015,108.79,110.67,1.73%
HD,2/8/2015,,,closed
HD,2/11/2015,110.6,110.31,-0.26%
HD,2/10/2015,108.79,110.67,1.73%
HD,2/7/2015,,,closed
HD,2/8/2015,,,closed
HD,2/11/2015,110.6,110.31,-0.26%
HD,2/9/2015,108.88,108.34,-0.50%
HD,2/7/2015,,,closed
HD,2/7/2015,,,closed
HD,2/10/2015,108.79,110.67,1.73%
HD,2/7/2015,,,closed
HD,2/7/2015,,,closed
HD,2/7/2015,,,closed
HD,2/11/2015,110.6,110.31,-0.26%
HD,2/10/2015,108.79,110.67,1.73%
HD,2/11/2015,110.6,110.31,-0.26%
HD,2/7/2015,,,closed
HD,2/7/2015,,,closed
HD,2/10/2015,108.79,110.67,1.73%
HD,2/10/2015,108.79,110.67,1.73%
HD,2/11/2015,110.6,110.31,-0.26%
HD,2/7/2015,,,closed
HD,2/7/2015,,,closed
HD,2/7/2015,,,closed
HD,2/7/2015,,,closed
HD,2/8/2015,,,closed
HD,2/8/2015,,,closed
HD,2/11/2015,110.6,110.31,-0.26%
HD,2/7/2015,,,closed
HD,2/10/2015,108.79,110.67,1.73%
HD,2/10/2015,108.79,110.67,1.73%
HD,2/11/2015,110.6,110.31,-0.26%
HD,2/7/2015,,,closed
HD,2/10/2015,108.79,110.67,1.73%
HD,2/11/2015,110.6,110.31,-0.26%
HD,2/10/2015,108.79,110.67,1.73%
HD,2/10/2015,108.79,110.67,1.73%
HD,2/11/2015,110.6,110.31,-0.26%
HD,2/10/2015,108.79,110.67,1.73%
HD,2/11/2015,110.6,110.31,-0.26%
HD,2/11/2015,110.6,110.31,-0.26%
HD,2/11/2015,110.6,110.31,-0.26%
HD,2/10/2015,108.79,110.67,1.73%
HD,2/10/2015,108.79,110.67,1.73%
HD,2/10/2015,108.79,110.67,1.73%
HD,2/10/2015,108.79,110.67,1.73%
HD,2/7/2015,,,closed
HD,2/10/2015,108.79,110.67,1.73%
HD,2/7/2015,,,closed
HD,2/10/2015,108.79,110.67,1.73%
HD,2/11/2015,110.6,110.31,-0.26%
HD,2/7/2015,,,closed
HD,2/10/2015,108.79,110.67,1.73%
HD,2/10/2015,108.79,110.67,1.73%
HD,2/11/2015,110.6,110.31,-0.26%
HD,2/8/2015,,,closed
HD,2/9/2015,108.88,108.34,-0.50%
HD,2/11/2015,110.6,110.31,-0.26%
HD,2/8/2015,,,closed
HD,2/11/2015,110.6,110.31,-0.26%
HD,2/10/2015,108.79,110.67,1.73%
HD,2/11/2015,110.6,110.31,-0.26%
HD,2/12/2015,110.81,112.16,1.22%
HD,2/12/2015,110.81,112.16,1.22%
HD,2/12/2015,110.81,112.16,1.22%
HD,2/8/2015,,,closed
HD,2/10/2015,108.79,110.67,1.73%
HD,2/7/2015,,,closed
HD,2/10/2015,108.79,110.67,1.73%
HD,2/9/2015,108.88,108.34,-0.50%
HD,2/9/2015,108.88,108.34,-0.50%
HD,2/11/2015,110.6,110.31,-0.26%
HD,2/11/2015,110.6,110.31,-0.26%
HD,2/10/2015,108.79,110.67,1.73%
HD,2/10/2015,108.79,110.67,1.73%
HD,2/11/2015,110.6,110.31,-0.26%
HD,2/7/2015,,,closed
HD,2/10/2015,108.79,110.67,1.73%
HD,2/12/2015,110.81,112.16,1.22%
HD,2/10/2015,108.79,110.67,1.73%
HD,2/8/2015,,,closed
HD,2/11/2015,110.6,110.31,-0.26%
HD,2/7/2015,,,closed
HD,2/12/2015,110.81,112.16,1.22%
HD,2/10/2015,108.79,110.67,1.73%
HD,2/6/2015,109.28,109.04,-0.22%
HD,2/11/2015,110.6,110.31,-0.26%
HD,2/11/2015,110.6,110.31,-0.26%
HD,2/9/2015,108.88,108.34,-0.50%
HD,2/9/2015,108.88,108.34,-0.50%
HD,2/10/2015,108.79,110.67,1.73%
HD,2/10/2015,108.79,110.67,1.73%
HD,2/9/2015,108.88,108.34,-0.50%
HD,2/7/2015,,,closed
HD,2/10/2015,108.79,110.67,1.73%
HD,2/10/2015,108.79,110.67,1.73%
HD,2/10/2015,108.79,110.67,1.73%
HD,2/10/2015,108.79,110.67,1.73%
HD,2/12/2015,110.81,112.16,1.22%
HD,2/10/2015,108.79,110.67,1.73%
HD,2/10/2015,108.79,110.67,1.73%
HD,2/10/2015,108.79,110.67,1.73%
HD,2/12/2015,110.81,112.16,1.22%
HD,2/13/2015,112.01,111.89,-0.11%
HD,2/14/2015,,,closed
HD,2/15/2015,,,closed
HD,2/16/2015,,,closed
HD,2/17/2015,111.69,112,0.28%
HD,2/18/2015,111.6,111.99,0.35%
HD,2/17/2015,111.69,112,0.28%
2015-04-26T22:05:17.885-0400 E QUERY    Error: error hasNext: false,1/0/0,,,closed
    at Error (<anonymous>),1/0/0,,,closed
    at DBQuery.next (src/mongo/shell/query.js:255:15),1/0/0,,,closed
    at hd.js:10:11 at src/mongo/shell/query.js:255,1/0/0,,,closed
failed to load: hd.js,1/0/0,,,closed
